id,name,position,salary_amount,bonus,total_compensation,date_paid
1,Ardella Rambaut,GK,$8164.58,$3631.12,$6931.38,7/31/2023
2,Gustav Godwyn,MF,$4818.70,$1621.95,$3800.05,3/24/2024
3,Maryann Wadelin,GK,$6549.76,$3588.51,$9498.87,7/6/2023
4,Corene Calderbank,GK,$8390.69,$3257.66,$869.80,9/24/2023
5,Tory Bouchier,MF,$7039.10,$7891.31,$7019.66,10/5/2023
6,Shelia Rubinsky,MF,$5368.48,$3968.00,$6310.11,11/11/2023
7,Babara Nattrass,GK,$6125.95,$4506.34,$5989.22,10/31/2023
8,Ferdinanda Slayton,GK,$8108.25,$8388.84,$3781.53,8/31/2023
9,Grier Delort,DF,$6725.32,$3582.75,$7330.42,8/19/2023
10,Bobbette Diegan,ST,$8058.47,$7682.24,$2207.98,7/14/2023
11,Merline Pendlebury,FW,$9311.27,$4158.90,$7430.12,9/11/2023
12,Frederick Riddeough,GK,$8865.15,$7314.97,$9418.77,2/8/2024
13,Andrew Sanbroke,MF,$6430.78,$1430.69,$6048.96,11/11/2023
14,Gordan Dabling,MF,$3466.96,$9543.52,$2362.95,9/25/2023
15,Lolita Tonge,MF,$7977.41,$823.90,$8275.81,7/14/2023
16,Celia Durdy,GK,$279.85,$8691.37,$3471.01,12/13/2023
17,Jessee Legendre,MF,$3453.46,$1209.46,$87.75,9/25/2023
18,Hayyim Bennetto,FW,$6123.09,$2351.42,$5981.89,9/19/2023
19,Stirling Stoakley,GK,$4283.20,$3278.76,$921.63,7/22/2023
20,Babbie Tonkinson,GK,$2625.93,$7384.67,$2181.17,12/28/2023
21,Marillin Trevallion,GK,$620.97,$3377.61,$9708.57,12/3/2023
22,Ulrick Byrch,ST,$5834.51,$1430.79,$8141.59,5/24/2024
23,Tan Nipper,ST,$2979.80,$6964.30,$8742.18,6/6/2023
24,Ulberto Liver,DF,$3364.94,$7879.85,$260.46,8/14/2023
25,Dolli Habbergham,GK,$1461.82,$5580.34,$9639.20,4/15/2024
26,Lida Gogerty,GK,$9108.97,$5788.82,$3495.18,4/6/2024
27,Roxine McIlwraith,GK,$5255.90,$6813.92,$2917.71,2/7/2024
28,Kissee D'Adda,ST,$2205.18,$5338.27,$3884.79,1/25/2024
29,Mae Kubala,FW,$2551.99,$3062.65,$3827.89,10/26/2023
30,Lucius Gounard,DF,$5463.22,$6150.50,$9934.60,7/10/2023
31,Orin Slark,MF,$9616.49,$6760.98,$4847.07,5/10/2024
32,Maryl Kauffman,DF,$2883.45,$7465.44,$7150.80,5/4/2024
33,Hunt Dumsday,ST,$8970.02,$6758.17,$7151.23,6/7/2023
34,April Laux,ST,$9577.55,$409.07,$8944.40,10/31/2023
35,Jackelyn Corzon,FW,$8723.71,$4385.41,$7057.74,3/3/2024
36,Dalis Klimochkin,ST,$6973.01,$2308.24,$5228.20,11/29/2023
37,Gale Aleswell,FW,$6777.78,$8865.98,$7340.22,6/22/2023
38,Kristi Godilington,MF,$5996.02,$4759.27,$8026.81,8/1/2023
39,Francyne Rolfo,GK,$4872.16,$9171.60,$2378.20,3/17/2024
40,Donaugh Rubinivitz,ST,$9096.13,$1016.55,$6999.49,7/6/2023
41,Esra Woodes,DF,$1970.39,$992.55,$6292.37,3/8/2024
42,Chrystel Douse,ST,$8815.93,$1742.95,$5652.37,4/23/2024
43,Had Dunkley,GK,$5868.02,$8807.08,$2649.42,9/15/2023
44,Land Probbing,GK,$4912.19,$2136.47,$7060.71,11/6/2023
45,Pollyanna Janaud,FW,$3081.28,$9279.94,$427.54,5/3/2024
46,Debbie Tallman,GK,$9147.99,$7124.66,$3753.41,7/6/2023
47,Chaim Bulleyn,MF,$9593.69,$5011.75,$5294.90,2/24/2024
48,Ashley Ardling,DF,$5189.62,$2262.87,$1585.83,2/4/2024
49,Marlowe Medgwick,ST,$9397.51,$165.96,$1481.63,9/28/2023
50,Cirillo Stickford,DF,$6780.80,$795.71,$1153.40,7/17/2023
51,Zachary Vasilevich,MF,$4214.00,$5869.75,$7356.44,12/23/2023
52,Zacherie Shawyers,MF,$2394.68,$4377.61,$6630.71,9/1/2023
53,Antone De Nisco,DF,$4476.85,$1113.63,$5568.29,11/7/2023
54,Lusa Younglove,DF,$8382.34,$9061.88,$925.01,3/23/2024
55,Godfrey Twigg,ST,$8685.50,$6823.42,$20.10,10/9/2023
56,Shirleen Ondrak,DF,$9560.40,$892.82,$8310.21,11/24/2023
57,Estel Garroway,ST,$3790.88,$4353.42,$2104.09,5/6/2024
58,Sigismond Croisier,FW,$1668.93,$6772.42,$952.58,2/29/2024
59,Worden Farrans,FW,$1802.06,$1381.31,$2787.15,9/6/2023
60,Trenton Jobke,GK,$3388.41,$9778.01,$6924.18,5/20/2024
61,Sylvia Trimby,MF,$5046.67,$2998.17,$4847.34,5/22/2024
62,Marcellus Lowle,ST,$2483.11,$1518.99,$1225.35,2/26/2024
63,Peggi Brodeur,MF,$3488.82,$1574.10,$2565.32,5/1/2024
64,Coraline Chasmar,FW,$8297.12,$2333.50,$2880.15,9/8/2023
65,Jenica Kemp,DF,$3394.72,$850.27,$5601.41,4/22/2024
66,Christophorus Antrag,FW,$6074.97,$9992.67,$5655.83,2/19/2024
67,Deborah Plumley,ST,$2066.67,$3602.90,$5196.40,1/27/2024
68,Kassia Pascow,DF,$3233.61,$5664.02,$432.89,8/27/2023
69,Rozamond Ryhorovich,MF,$4379.52,$4847.73,$7381.86,12/26/2023
70,Noel McCluin,GK,$2519.85,$7718.15,$5962.70,11/1/2023
71,Christabella Guisby,GK,$6958.90,$9919.06,$2677.79,11/14/2023
72,Curt Cockitt,FW,$5493.57,$6575.14,$2759.25,12/9/2023
73,Archambault Ebbin,FW,$8790.44,$6559.42,$3825.14,6/3/2024
74,Morly MacPharlain,ST,$7282.92,$2450.55,$4043.08,8/19/2023
75,Antone todor,MF,$5727.60,$8491.27,$4321.92,8/13/2023
76,Truman Parmiter,MF,$5176.51,$7522.84,$3258.58,12/1/2023
77,Bentlee Padwick,DF,$5115.51,$8172.86,$3243.59,5/11/2024
78,Kathe Willmont,MF,$8187.37,$4309.19,$2289.67,10/9/2023
79,Iggie Hutton,DF,$820.51,$4855.26,$7876.04,2/6/2024
80,Lil Tremberth,FW,$3737.32,$2319.07,$8859.74,1/10/2024
81,Barry Tasseler,ST,$849.00,$9201.35,$1955.61,6/30/2023
82,Marlee Ferreira,MF,$7401.97,$6522.10,$8924.45,5/30/2024
83,Della Kopje,ST,$1367.36,$2317.46,$4215.93,6/17/2023
84,Ulla Dable,DF,$170.05,$55.78,$9133.56,2/22/2024
85,Zahara Rosengren,ST,$4028.95,$2927.47,$7006.32,4/29/2024
86,Lorant Ashpital,FW,$8146.79,$57.27,$7188.89,2/13/2024
87,Emelen Olivari,FW,$1981.79,$3499.07,$9674.72,6/28/2023
88,Taddeusz Duthie,FW,$6931.55,$6823.04,$7329.30,4/15/2024
89,Edeline Whiskerd,ST,$3549.45,$2329.38,$4591.78,10/26/2023
90,Selinda Romer,MF,$7507.82,$3022.63,$866.34,1/21/2024
91,Juan Skettles,GK,$9240.21,$375.93,$4876.51,2/6/2024
92,Zolly Rosenqvist,GK,$453.33,$7363.30,$6012.19,4/25/2024
93,Henka MacAvaddy,ST,$5132.04,$8179.61,$8229.74,3/26/2024
94,Averil Moverley,FW,$2508.96,$6838.93,$5396.26,11/4/2023
95,Etta Challes,DF,$4652.02,$2823.53,$6216.33,6/16/2023
96,Leelah Lilburn,ST,$5227.06,$1590.71,$9542.38,6/15/2023
97,Brit Royal,FW,$9744.78,$1022.13,$1161.88,9/1/2023
98,Friederike Rolland,FW,$5331.65,$9284.06,$8618.04,11/8/2023
99,Chloette Kilgallon,MF,$5720.52,$2298.99,$5596.17,9/15/2023
100,Keelby Assaf,MF,$3964.09,$7086.05,$5456.73,4/18/2024
101,Fitz Darrigone,MF,$3726.43,$9838.40,$834.88,4/8/2024
102,Brooke Voysey,MF,$3648.20,$2176.01,$1198.95,11/21/2023
103,Shay Simnett,DF,$8895.68,$5860.71,$9925.73,2/28/2024
104,Land Kloster,FW,$1643.34,$1202.19,$5921.95,7/5/2023
105,Anderson Penrice,ST,$8021.89,$8945.11,$5267.14,3/24/2024
106,Candis Shubotham,MF,$6507.54,$7453.54,$7685.02,6/18/2023
107,Chico Sapauton,DF,$1450.98,$5432.48,$8599.69,4/21/2024
108,Brandea Portal,MF,$3672.31,$5737.11,$9597.42,6/10/2023
109,Jordain Revel,ST,$2178.73,$2535.83,$7736.89,1/9/2024
110,Nate Yetton,FW,$9692.47,$7608.29,$9143.80,5/3/2024
111,Joelie Mauchlen,GK,$6702.87,$4330.33,$25.82,3/6/2024
112,Claudianus Hing,MF,$3196.86,$1938.38,$5388.24,5/9/2024
113,Demetri Huncoot,FW,$9622.05,$8428.14,$2034.30,11/20/2023
114,Sigrid Gingle,FW,$8417.28,$802.81,$8524.86,11/16/2023
115,Aland Haill,GK,$3687.62,$6952.03,$4434.25,5/12/2024
116,Jewelle Arpe,GK,$8538.10,$2054.20,$3661.99,1/9/2024
117,Gabi Pinke,MF,$2427.70,$3405.02,$7142.00,10/28/2023
118,Anson Maro,GK,$8032.11,$3884.13,$5315.74,6/3/2024
119,Arturo Bernucci,DF,$822.63,$1043.67,$6661.13,8/16/2023
120,Julienne Castiglio,GK,$2037.66,$1789.44,$4100.33,12/21/2023
121,Jerald Doxsey,FW,$3606.94,$388.53,$4363.70,3/14/2024
122,Lyn Rushworth,GK,$901.72,$5747.17,$4283.69,5/10/2024
123,Roxy Lorand,GK,$6072.67,$9508.80,$3666.08,5/4/2024
124,Colene Gilmore,GK,$8285.64,$6710.34,$903.93,3/28/2024
125,Sidonnie Earp,FW,$1100.21,$3345.04,$47.76,8/23/2023
126,Christean Volke,DF,$9431.18,$9628.36,$5295.80,11/21/2023
127,Tommy Rubinsohn,DF,$9723.60,$9330.27,$6548.82,7/27/2023
128,Thomasa Frankling,ST,$9559.42,$6117.39,$971.87,5/24/2024
129,Ardith Sange,GK,$1303.81,$7362.05,$791.00,6/22/2023
130,Heall Dreossi,MF,$7289.74,$9172.50,$7476.19,12/19/2023
131,Aridatha Martugin,DF,$6268.98,$9188.02,$9849.40,4/22/2024
132,Cherie Jiru,ST,$3492.57,$3223.84,$324.98,5/18/2024
133,Teri Heball,MF,$9634.43,$2107.86,$8846.83,9/3/2023
134,Renard Itzkovici,ST,$5603.06,$6970.66,$94.89,5/4/2024
135,Brocky Baynham,DF,$8253.59,$1653.47,$7073.03,1/3/2024
136,Binky Isley,GK,$2734.85,$5476.86,$5307.42,6/2/2024
137,Marrissa Medcalf,FW,$4788.50,$3437.05,$5971.47,6/8/2023
138,Kristofor Royson,MF,$7129.02,$385.87,$9774.89,8/31/2023
139,Ashlan Clarae,ST,$1384.47,$2439.21,$2470.91,6/20/2023
140,Anetta Galego,GK,$3902.02,$7385.14,$7682.75,12/15/2023
141,Mechelle Lyvon,ST,$2486.38,$1717.10,$3885.32,3/6/2024
142,Koo Queyos,ST,$5149.18,$8250.86,$3570.07,10/23/2023
143,Kendell Dinneen,DF,$5512.25,$4411.62,$6605.30,1/5/2024
144,Tobiah Longcaster,FW,$5370.21,$2294.54,$2166.96,11/22/2023
145,Jan Aysik,MF,$613.89,$8950.92,$4529.64,8/10/2023
146,Valeria Elgie,ST,$6948.03,$9524.86,$3299.01,3/1/2024
147,Derron Botting,MF,$9797.95,$8277.91,$9415.42,12/15/2023
148,Kerry Dawby,ST,$6235.64,$5270.03,$4725.89,1/20/2024
149,Asher Bendare,ST,$840.30,$934.47,$4568.29,5/14/2024
150,Fons Gurnell,FW,$5632.76,$713.70,$1589.14,5/3/2024
151,Giles Omar,DF,$8346.52,$6342.57,$193.34,8/21/2023
152,Elroy Scarth,FW,$5381.37,$4318.10,$2987.10,12/31/2023
153,Katlin Bassick,MF,$1436.30,$8392.48,$7833.09,10/14/2023
154,Ginnifer Spykings,ST,$5422.67,$3476.15,$8835.25,2/27/2024
155,Berni Whitchurch,GK,$1348.09,$4691.62,$8735.01,3/9/2024
156,Dennet Kubecka,FW,$7687.99,$9496.09,$1927.36,12/23/2023
157,Gene Wake,FW,$5531.39,$4837.79,$9342.08,4/28/2024
158,Dawna Masham,DF,$1110.31,$2171.90,$8138.63,2/26/2024
159,Christophorus Becconsall,MF,$1976.47,$4528.26,$5406.76,12/20/2023
160,Eugenius Jaffray,ST,$6715.39,$4355.28,$7807.24,1/18/2024
161,Layton Howselee,MF,$4468.64,$3481.45,$5841.11,8/2/2023
162,Alexandros Abrahamoff,GK,$8734.29,$2930.36,$3684.09,12/23/2023
163,Noell Sooper,FW,$2258.13,$5690.97,$8818.20,6/25/2023
164,Darlleen Kerton,FW,$8873.79,$1531.50,$7201.90,2/4/2024
165,Zebadiah Tolossi,ST,$5636.83,$7891.94,$4897.36,12/21/2023
166,Grover Shave,DF,$6013.09,$5498.55,$2479.78,7/26/2023
167,Masha Syde,ST,$8862.10,$6583.09,$49.42,8/3/2023
168,Angelika Sheilds,GK,$1028.35,$5124.26,$9049.11,7/15/2023
169,Waldon Clowney,FW,$332.81,$1281.96,$353.02,2/5/2024
170,Marilee Perico,DF,$7721.99,$4659.79,$3978.75,8/28/2023
171,Tawsha Alden,ST,$9598.55,$4230.57,$9943.30,9/14/2023
172,Shalna Murra,GK,$7623.83,$5285.80,$4041.75,2/2/2024
173,Carlye Lidell,DF,$3202.33,$2199.88,$2522.25,5/22/2024
174,Michale Dobson,FW,$6585.70,$2220.89,$2579.12,2/6/2024
175,Chev Easton,GK,$6209.14,$9486.22,$7194.67,1/15/2024
176,Cad Hubane,FW,$3624.92,$6727.75,$9070.35,8/28/2023
177,Godard Skeleton,DF,$3931.18,$2119.02,$7236.07,12/4/2023
178,Joya Dearnaly,GK,$5342.14,$6534.79,$4945.49,4/21/2024
179,Randene Bon,GK,$7828.27,$3460.86,$7470.41,3/14/2024
180,Teriann Fellowes,GK,$7352.41,$2960.66,$3408.95,2/10/2024
181,Asia Pidgeon,DF,$6080.63,$9972.22,$959.24,5/18/2024
182,Nevins Hannum,FW,$7247.67,$3420.95,$3674.33,3/3/2024
183,Alan Mottley,FW,$4260.51,$5667.85,$5736.95,4/2/2024
184,Meade Paddle,FW,$6147.57,$7411.90,$9524.13,10/8/2023
185,Staffard Matushenko,ST,$1058.49,$3188.88,$4995.42,10/2/2023
186,Minor Pristnor,FW,$8304.78,$2965.80,$4293.25,8/11/2023
187,Marve Levings,FW,$9583.58,$5587.11,$1490.38,11/3/2023
188,Keary McFarlane,FW,$2414.18,$5943.48,$342.24,4/12/2024
189,Jamil Slaymaker,GK,$3677.10,$5947.57,$9596.63,4/9/2024
190,Giavani Nys,ST,$9343.88,$3990.65,$3934.57,8/2/2023
191,Morse Startin,DF,$1617.99,$3231.78,$1611.35,8/10/2023
192,Lynett Thacke,FW,$5438.98,$9344.27,$421.91,11/3/2023
193,Vidovic Friedenbach,MF,$5384.07,$9627.51,$1157.50,8/18/2023
194,Agosto Halls,MF,$3020.83,$4251.42,$4625.15,7/31/2023
195,Morganica Avramovitz,ST,$3048.82,$4173.64,$1647.74,6/17/2023
196,Roberto Fidell,MF,$8207.11,$888.09,$3432.78,1/21/2024
197,Lise Fairman,MF,$1519.06,$3856.76,$1605.75,11/14/2023
198,Porty Minmagh,FW,$6402.71,$3943.44,$4553.53,3/5/2024
199,Madison Cordingley,MF,$2530.60,$5476.60,$2333.29,1/30/2024
200,Mireielle McShirie,ST,$3461.23,$2035.73,$3331.19,3/14/2024
201,Ysabel Keerl,FW,$8691.57,$8678.22,$5137.10,12/26/2023
202,Bradan Prior,ST,$1588.38,$9823.14,$3144.44,9/26/2023
203,Lorry Barbrook,FW,$6426.02,$8820.12,$488.95,1/14/2024
204,Myranda Huitt,FW,$6960.87,$2176.08,$2542.17,1/23/2024
205,Sheryl Sicha,FW,$5178.08,$9568.67,$9491.94,3/19/2024
206,Lowrance Purslow,GK,$4041.42,$7456.84,$4158.73,5/1/2024
207,Koral Verrechia,MF,$9556.44,$8541.92,$9971.90,8/24/2023
208,Rita Boig,MF,$917.20,$1981.96,$8670.84,7/28/2023
209,Errick Ault,ST,$1847.40,$9999.93,$2941.48,2/23/2024
210,Gib Lightwing,ST,$6073.44,$9664.89,$6943.19,2/7/2024
211,Drucy Grinov,FW,$5050.03,$3926.54,$9039.70,9/21/2023
212,Kania Rookwell,DF,$5999.82,$4616.63,$3742.97,12/24/2023
213,Lilli Cauthra,ST,$7616.57,$46.32,$9561.40,5/15/2024
214,Filippo Belward,GK,$5144.17,$238.13,$4171.56,9/16/2023
215,Dionisio Yeliashev,GK,$6609.83,$3647.72,$7920.69,1/6/2024
216,Rodrigo Vannet,FW,$110.17,$784.44,$4018.62,7/19/2023
217,Linc Radage,ST,$3955.82,$5517.75,$8729.68,8/21/2023
218,Millard Vannacci,DF,$9648.65,$6381.50,$9017.47,10/20/2023
219,Phyllida Bonallack,MF,$8696.38,$552.02,$8875.15,6/16/2023
220,Westleigh Thowless,GK,$9653.66,$598.66,$3334.35,7/28/2023
221,Fredericka Janoschek,GK,$2918.25,$8679.59,$9995.65,12/10/2023
222,Damara Tresler,DF,$6606.75,$6064.62,$2731.32,3/11/2024
223,Sheridan Moores,DF,$7157.06,$9346.15,$7199.08,2/25/2024
224,Marlyn Dilrew,DF,$9194.11,$359.29,$2894.15,7/23/2023
225,Noami Redwing,GK,$7413.08,$4338.86,$5249.69,2/29/2024
226,Darnall Huntly,ST,$9236.09,$2631.37,$4730.81,4/5/2024
227,Pepillo Lambole,MF,$2657.49,$3483.21,$761.35,11/21/2023
228,Raimundo Hawkyens,FW,$3118.45,$3785.70,$5049.65,9/6/2023
229,Maribelle Lawlings,MF,$6892.68,$7025.39,$7580.97,1/30/2024
230,Livy Jilliss,FW,$6096.02,$4455.54,$5417.62,8/26/2023
231,Erl Kwietak,MF,$1545.75,$3413.40,$2808.73,2/19/2024
232,Mary Stell,DF,$4058.67,$8509.98,$2127.72,7/31/2023
233,Hedi Franchi,DF,$6146.25,$2288.08,$4654.15,11/12/2023
234,Shari Wennam,MF,$7339.58,$458.00,$8347.86,4/20/2024
235,Marcello Alti,FW,$1027.26,$7473.33,$480.48,5/21/2024
236,Romonda Gingell,ST,$5806.79,$4863.17,$1472.77,6/23/2023
237,Frans Beaufoy,FW,$983.26,$8218.27,$5284.62,5/22/2024
238,Sara Mitchelhill,MF,$6856.91,$2372.63,$9407.14,5/25/2024
239,Fredia Fulton,FW,$3912.66,$5500.13,$1717.45,9/7/2023
240,Cindy Wayland,MF,$6022.09,$2344.30,$2658.11,2/21/2024
241,Olimpia Giacomozzo,MF,$5931.74,$4283.59,$893.25,11/15/2023
242,Patrizia Freda,FW,$9961.67,$4412.10,$2764.47,12/28/2023
243,Hyacinth Imore,MF,$1823.07,$5080.53,$6326.19,5/3/2024
244,Chevy Smedmore,GK,$2992.85,$7256.23,$710.56,11/13/2023
245,Prudy Mitchiner,DF,$2886.52,$6308.94,$8492.91,7/19/2023
246,Auguste Shallow,DF,$3237.62,$1758.63,$5502.19,7/15/2023
247,Chad Desseine,DF,$3382.18,$2251.55,$255.90,2/2/2024
248,Ronald Diche,GK,$6046.86,$9280.84,$2685.17,5/13/2024
249,Carolus Farndon,MF,$7660.10,$6352.30,$9506.28,5/1/2024
250,Roselle Nicklinson,MF,$9645.99,$6214.16,$3257.92,3/1/2024
251,Torey Philo,MF,$6394.13,$2922.30,$8522.92,3/8/2024
252,Heinrik Dulinty,DF,$6784.79,$3847.39,$844.45,5/9/2024
253,Torre Biffen,DF,$1843.42,$7189.74,$2969.71,8/30/2023
254,Drew Towriss,FW,$9171.26,$4616.34,$8054.80,5/8/2024
255,Quinn Standing,MF,$3129.16,$1791.67,$2223.66,9/4/2023
256,Heloise Duigan,DF,$3168.47,$4013.84,$2820.47,9/8/2023
257,Lemar McEttigen,FW,$7429.52,$2666.85,$9496.18,12/7/2023
258,Doe Piffe,GK,$6649.84,$2127.37,$386.75,2/8/2024
259,Nickola Binks,MF,$4023.57,$4316.57,$7444.73,8/5/2023
260,Ira Gonnet,GK,$6283.78,$7368.34,$3806.06,11/13/2023
261,Humberto Coyish,DF,$5706.50,$9389.35,$2321.95,3/31/2024
262,Marlie Frean,FW,$9408.06,$5120.48,$5357.25,5/18/2024
263,Bent Killoran,GK,$2224.41,$6645.81,$9277.03,12/4/2023
264,Sarita Buchan,MF,$3759.42,$226.73,$757.41,3/28/2024
265,Avis De Lacey,GK,$4396.63,$4508.50,$2090.87,11/2/2023
266,Benjy Maysor,DF,$3930.16,$2020.15,$5939.54,8/4/2023
267,Alphonse Richardsson,GK,$5187.85,$3622.73,$4973.01,3/26/2024
268,Josephina Ludovico,ST,$6952.84,$515.63,$565.01,12/16/2023
269,Alis Aberkirdo,FW,$6144.34,$3696.06,$7128.56,8/20/2023
270,Amerigo Wilshire,MF,$2241.36,$2729.58,$2491.84,6/27/2023
271,Quillan Burcher,MF,$9829.24,$8343.97,$2293.22,7/14/2023
272,Addie Verlander,DF,$6020.33,$7051.20,$4768.03,1/23/2024
273,Timmy Haresnape,ST,$2157.79,$1213.33,$6566.69,12/12/2023
274,Coletta Seed,MF,$5599.38,$5848.45,$9229.37,4/11/2024
275,Christabel Peschet,ST,$1222.43,$1093.67,$7061.20,12/3/2023
276,Devan Ferraron,MF,$153.70,$8909.24,$3680.37,8/4/2023
277,Allis Pareman,MF,$5333.33,$2609.08,$643.08,3/9/2024
278,Doro Frearson,ST,$623.06,$9336.74,$1118.01,8/15/2023
279,Lizbeth Saxon,MF,$7881.93,$840.52,$5865.32,8/5/2023
280,Harlin Moquin,ST,$6767.06,$4033.12,$1060.63,8/7/2023
281,Gordon Ind,ST,$1388.47,$2893.01,$8270.06,12/9/2023
282,Elissa Waterson,FW,$301.83,$3683.04,$6068.23,3/22/2024
283,Myrtice Aizikovitz,MF,$8453.88,$9675.63,$1652.54,7/4/2023
284,Margaret Mary,MF,$4387.11,$8448.47,$8361.67,5/3/2024
285,Letitia Sykora,GK,$1692.30,$4086.83,$9.25,8/2/2023
286,Issie Antognozzii,ST,$3641.69,$8176.21,$4773.37,10/7/2023
287,Michal Aronsohn,FW,$5895.44,$6168.65,$1052.00,4/20/2024
288,Linus Flowitt,ST,$7574.48,$3985.91,$1381.74,5/17/2024
289,Manfred Haborn,GK,$2557.67,$2081.30,$7522.12,8/22/2023
290,Barby Rue,MF,$8822.27,$5771.04,$7662.30,3/8/2024
291,Elliott Gutteridge,GK,$340.14,$91.99,$8749.28,3/25/2024
292,Shaun Phripp,DF,$9101.72,$4502.13,$4584.07,10/21/2023
293,Noelle Eberst,ST,$6870.03,$6508.55,$1694.07,12/8/2023
294,Sandy Gard,DF,$1249.73,$9824.30,$9747.29,12/18/2023
295,Ina Egle,DF,$4679.33,$6792.06,$9685.14,8/10/2023
296,Lorinda Swaine,MF,$484.70,$797.10,$9158.32,7/15/2023
297,Sheila Gravenall,DF,$208.22,$7834.51,$1505.05,12/16/2023
298,Veronica Leguay,DF,$9381.99,$3289.90,$7917.27,4/11/2024
299,Terrie Wabey,FW,$1942.43,$8603.32,$829.97,5/5/2024
300,Ezekiel Lattie,MF,$3370.37,$2656.98,$6871.04,3/9/2024
301,Diego Germaine,GK,$2857.86,$9306.32,$5791.49,11/9/2023
302,Gav Spire,FW,$5730.66,$1575.11,$142.39,4/11/2024
303,Emalee Millican,GK,$9775.46,$7840.65,$5735.81,5/19/2024
304,Wren Tadgell,MF,$1426.88,$4487.95,$9164.13,6/13/2023
305,Kattie Scarlin,MF,$3077.77,$8154.66,$2424.78,2/29/2024
306,Vincent Heineke,GK,$2507.95,$2636.22,$6920.49,4/5/2024
307,Heddi Ritchman,FW,$4522.83,$9638.72,$4054.92,5/13/2024
308,Miriam Brewster,FW,$7855.11,$6964.70,$2274.38,5/24/2024
309,Ranique Pasquale,FW,$8769.99,$8817.50,$3450.77,11/19/2023
310,Corny Greenleaf,ST,$4993.13,$5046.01,$4677.65,5/4/2024
311,Arnold Dudman,GK,$6590.22,$1272.48,$4322.25,9/15/2023
312,Brantley Haggus,ST,$8504.07,$6520.52,$9348.98,3/3/2024
313,Ferrell ducarme,MF,$4796.60,$4921.28,$3466.65,3/1/2024
314,Allie Stoodale,FW,$9258.07,$6196.42,$6627.97,7/1/2023
315,Cobbie Tudhope,GK,$4023.12,$774.18,$1880.34,4/27/2024
316,Caressa Blindt,FW,$6610.56,$5402.26,$944.53,9/5/2023
317,Barton Oxe,DF,$9658.37,$4693.95,$1815.42,12/24/2023
318,Halie GiacobbiniJacob,MF,$4788.73,$3092.50,$2814.23,5/17/2024
319,Parsifal Malia,ST,$2050.60,$895.38,$3570.84,7/28/2023
320,Rosemonde Titchmarsh,ST,$1091.00,$1885.65,$4784.21,6/23/2023
321,Torrance Skain,FW,$4751.39,$9996.65,$7386.90,8/2/2023
322,Evey Starsmore,GK,$5309.86,$7498.88,$55.30,1/18/2024
323,Bord Leipelt,DF,$9214.52,$5974.00,$4136.20,8/31/2023
324,Valera Piel,ST,$9840.01,$3628.72,$6411.38,6/16/2023
325,Binky Cree,ST,$6157.58,$2048.42,$609.69,11/27/2023
326,Afton Tipens,GK,$2034.53,$9169.77,$1785.77,8/15/2023
327,Tyson Veevers,DF,$5505.91,$6047.19,$2064.56,10/12/2023
328,Brynna Gissing,DF,$6694.09,$2075.10,$6619.64,2/7/2024
329,Birch Haffenden,GK,$3733.41,$7596.23,$9033.14,7/1/2023
330,Sofia Warlowe,GK,$4460.73,$9141.66,$7205.31,6/3/2024
331,Bernete Shemilt,ST,$4352.26,$6859.58,$9247.20,4/28/2024
332,Meridel Effnert,ST,$9774.46,$1503.19,$3773.25,4/28/2024
333,Orrin Walsham,MF,$1704.00,$3802.58,$7266.25,12/23/2023
334,Donna Battill,GK,$5783.60,$4917.12,$4812.96,1/11/2024
335,Keir Noir,ST,$7129.02,$7735.82,$8899.49,4/7/2024
336,Ethel Grabeham,GK,$3680.76,$9626.90,$6074.95,3/8/2024
337,Kimbra Toogood,MF,$591.63,$3818.10,$6802.32,1/13/2024
338,Hershel Eim,FW,$1649.54,$7485.01,$949.56,4/21/2024
339,Simonette Cuddehay,ST,$744.88,$4499.71,$5471.43,7/20/2023
340,Jobyna Harnwell,ST,$7951.58,$8881.18,$7678.69,6/21/2023
341,Carleton Van der Baaren,DF,$2396.60,$8302.11,$5424.33,12/15/2023
342,Edouard Wyldbore,FW,$9010.93,$655.51,$9087.56,10/18/2023
343,Torey Durnford,MF,$926.01,$9436.31,$3996.69,4/4/2024
344,Culley McCleverty,DF,$7853.47,$909.39,$7366.78,10/15/2023
345,Adora De Winton,GK,$6595.31,$2306.33,$6709.95,3/25/2024
346,Ely Sansome,MF,$4604.26,$7029.96,$9586.36,10/19/2023
347,Tarah Chaters,MF,$921.09,$296.31,$8025.30,8/6/2023
348,Warren Leynagh,GK,$2907.82,$2628.78,$6031.99,1/27/2024
349,Fernando Emptage,ST,$2534.79,$3725.21,$6380.86,7/8/2023
350,Jessika Hinrichsen,MF,$8220.64,$1153.39,$7198.49,5/17/2024
351,Legra Bramsom,FW,$3152.43,$5979.01,$547.66,2/21/2024
352,Myles O'Brian,DF,$2379.93,$7013.72,$1078.58,2/29/2024
353,Normie Eilhart,ST,$9168.84,$2899.75,$1759.17,3/11/2024
354,Guthrie Albrighton,DF,$6172.01,$5180.47,$6699.46,6/5/2023
355,Rudd Seabrocke,ST,$8310.16,$9100.51,$1490.13,11/28/2023
356,Rees Vaisey,MF,$6779.13,$1398.75,$6906.97,10/7/2023
357,Jacinthe Lavallie,GK,$7370.05,$39.25,$6076.62,4/21/2024
358,Mabelle Navein,MF,$6074.39,$8208.49,$2636.40,12/25/2023
359,Rosanna Riddel,ST,$5068.11,$929.38,$4807.35,12/5/2023
360,Christoper Waddell,MF,$5497.77,$8501.17,$6553.73,2/4/2024
361,Norry Curtois,MF,$901.34,$4554.90,$2315.41,2/21/2024
362,Marty Vlasyuk,GK,$9434.38,$3247.67,$4863.20,7/2/2023
363,Jaquenetta Jurges,FW,$3010.77,$6288.93,$3820.91,10/8/2023
364,Kimmi Sloan,ST,$8943.61,$8312.35,$2087.41,9/7/2023
365,Millisent Hirschmann,MF,$7953.38,$72.41,$2056.55,6/27/2023
366,Leonard Chorlton,FW,$7325.26,$5606.77,$2289.88,2/10/2024
367,Roxine Chaize,MF,$8008.20,$9273.58,$5643.30,2/25/2024
368,Mord Doorbar,FW,$364.44,$1961.30,$7089.52,3/28/2024
369,Bobina Botterell,FW,$7973.36,$3733.26,$3853.83,4/25/2024
370,Clarisse Rameau,MF,$2001.75,$8742.90,$539.13,4/29/2024
371,Helsa Decreuze,DF,$8295.87,$5515.57,$4212.80,1/11/2024
372,David Monkhouse,FW,$3081.26,$4394.88,$5754.74,2/25/2024
373,Cedric Whitebread,MF,$6809.94,$3747.09,$4590.45,1/13/2024
374,Liliane Gretton,MF,$5756.73,$7501.01,$1318.54,7/26/2023
375,Danette Reeveley,MF,$9941.40,$4521.10,$7556.69,5/20/2024
376,Allx Marlon,FW,$8643.72,$7055.94,$5771.73,8/26/2023
377,Zacharie Alstead,FW,$7077.43,$9237.39,$2160.64,10/21/2023
378,Mickie MacGiolla,GK,$5409.34,$3527.04,$571.28,12/27/2023
379,Consalve Corradetti,MF,$2855.89,$5114.12,$6846.59,7/3/2023
380,Alyssa Rawood,MF,$9127.88,$4092.73,$7365.74,8/5/2023
381,Bessy Pillifant,GK,$889.37,$1291.88,$9023.61,9/21/2023
382,Kalie Freeland,FW,$517.46,$7819.71,$8899.84,9/11/2023
383,Wendye Matfield,FW,$3587.32,$4936.48,$4240.06,10/19/2023
384,Holly Lancashire,ST,$3011.60,$6156.11,$180.06,9/28/2023
385,Othello Kuban,FW,$3302.55,$6542.56,$6819.87,4/25/2024
386,Sophie Lorraway,GK,$8180.84,$9215.65,$976.24,1/24/2024
387,Janos Lytell,MF,$6954.50,$8925.72,$1728.01,3/13/2024
388,Sherwynd Luchelli,ST,$2501.03,$828.36,$213.14,7/3/2023
389,Cal Metson,DF,$5717.34,$3845.08,$4172.34,8/17/2023
390,Georgina Blaise,FW,$923.08,$2618.07,$1098.94,7/2/2023
391,Cos Roch,MF,$4023.68,$6971.64,$3684.45,11/13/2023
392,Ilyssa Glasper,ST,$7140.57,$6456.70,$5032.94,5/24/2024
393,Britni Risbrough,FW,$2785.09,$2152.81,$7509.60,8/20/2023
394,Gilberte Slesser,ST,$2585.69,$4417.48,$8742.05,2/14/2024
395,Moss Burrass,DF,$1885.96,$5672.50,$7099.51,5/3/2024
396,Worthy Edgcumbe,MF,$1343.51,$8609.61,$8182.21,8/24/2023
397,Janey Gimeno,DF,$8700.25,$9741.77,$5113.55,5/1/2024
398,Lelia Da Costa,GK,$857.80,$7319.36,$5138.29,11/6/2023
399,Carrissa Doggrell,ST,$3954.58,$7165.03,$90.28,8/31/2023
400,Pepillo de Cullip,DF,$5049.08,$8538.95,$3868.27,6/21/2023
401,Tamas Newick,DF,$923.19,$8365.76,$8620.91,9/23/2023
402,Kalila Rampling,GK,$930.33,$717.90,$8864.35,9/4/2023
403,Bernadette Doring,MF,$1019.85,$1520.39,$3374.05,7/18/2023
404,Innis Spoward,FW,$6453.23,$8819.48,$8109.35,8/15/2023
405,Timofei Getty,ST,$7058.98,$9421.82,$6569.22,12/8/2023
406,Carol-jean Rennebach,FW,$1406.07,$5545.90,$1578.76,3/13/2024
407,Annissa Clawsley,DF,$8493.46,$1556.04,$7915.39,4/13/2024
408,Vita Goulbourne,FW,$6391.29,$9283.06,$3740.76,10/30/2023
409,Hyacinthe Folliott,FW,$5747.69,$444.00,$9386.86,6/21/2023
410,Maegan Lyal,MF,$3083.07,$2802.43,$9354.86,6/12/2023
411,Florette Verbeek,DF,$8228.05,$1879.03,$6633.81,11/14/2023
412,Illa Greger,ST,$9786.03,$1799.34,$2189.89,3/5/2024
413,Tiertza Mullally,FW,$9477.07,$600.24,$8231.68,11/27/2023
414,Redford Goodrum,DF,$8340.78,$6410.72,$102.32,5/25/2024
415,Titos Verny,FW,$6745.45,$4574.92,$1585.59,11/21/2023
416,Ardisj McCrossan,FW,$8621.21,$269.63,$9965.91,2/10/2024
417,Rick Jirusek,MF,$7267.43,$9702.70,$583.64,5/10/2024
418,Gill Thewlis,GK,$2926.22,$9633.63,$4564.48,12/14/2023
419,Andeee MacCaughey,DF,$4775.71,$7639.78,$8008.86,7/3/2023
420,Janeta Seakings,DF,$9512.62,$1850.07,$4239.00,4/18/2024
421,Abran Stealy,MF,$6902.56,$6274.27,$983.81,9/25/2023
422,Stephannie Skeeles,GK,$5436.02,$993.00,$7064.80,8/12/2023
423,Nanni Sutherby,DF,$6909.17,$4336.61,$567.66,11/24/2023
424,Lucias Goulter,ST,$9191.71,$5068.04,$690.79,1/22/2024
425,Berte Jadczak,MF,$3117.35,$9923.08,$2083.72,6/23/2023
426,Felicdad Bowlesworth,MF,$6111.20,$3119.45,$1454.31,8/20/2023
427,Fallon Gohier,ST,$9165.04,$8498.54,$7216.87,7/18/2023
428,Huberto Bartoszewicz,DF,$3432.57,$2130.80,$144.01,5/25/2024
429,Redford Hanburry,FW,$1137.67,$1665.87,$4479.12,5/31/2024
430,Malchy Gaitley,ST,$1723.95,$4686.51,$9856.30,7/30/2023
431,Gardy Trewman,DF,$937.94,$2683.88,$7960.02,12/11/2023
432,Hazel Schottli,FW,$8033.01,$755.62,$355.47,1/5/2024
433,Phedra Kynaston,MF,$1173.02,$2376.25,$9040.89,3/3/2024
434,Gracie Konertz,GK,$2113.30,$1279.80,$8812.36,4/22/2024
435,Kristoforo Runnett,MF,$2918.49,$1534.05,$9695.95,12/14/2023
436,Jackie Sissot,FW,$2332.44,$7300.27,$94.66,4/2/2024
437,Scarlett Syson,ST,$5662.86,$5903.92,$6052.54,8/19/2023
438,Mart Parlot,FW,$8776.69,$5525.22,$7212.68,9/19/2023
439,Glennie Symcock,ST,$5397.15,$8408.82,$9892.28,10/31/2023
440,Latisha Lott,GK,$8304.83,$2412.64,$64.33,11/27/2023
441,Prince Souter,GK,$2505.15,$6155.15,$6328.67,6/6/2023
442,Caryl Champkins,FW,$1535.32,$8102.30,$2959.17,9/14/2023
443,Husain End,GK,$2098.11,$4550.71,$9766.72,4/23/2024
444,Darsey Masters,FW,$2641.72,$5694.68,$7946.42,8/1/2023
445,Michaeline Scheffel,FW,$5616.35,$6586.58,$377.77,4/16/2024
446,Di Smerdon,FW,$7378.60,$5738.58,$7032.80,6/6/2023
447,Sarita Deeth,MF,$4361.23,$9138.23,$8356.09,12/6/2023
448,Essy Cawcutt,DF,$9570.00,$5156.98,$4991.50,3/17/2024
449,Stephana Critoph,MF,$8129.67,$4638.39,$5247.12,9/17/2023
450,Joyous Wroath,GK,$9990.63,$3122.60,$4813.88,12/28/2023
451,Ailis Cordrey,FW,$3155.66,$1807.36,$8800.34,1/22/2024
452,Hortensia Restieaux,MF,$7707.45,$6652.93,$986.24,2/7/2024
453,Cathy Mahedy,MF,$2613.58,$2059.83,$2823.35,10/5/2023
454,Petronia Culley,DF,$2456.03,$4686.11,$5311.93,12/10/2023
455,Ursuline Trevon,ST,$8613.15,$6987.88,$5729.75,1/3/2024
456,Oralle Freddi,GK,$9935.13,$4637.11,$4909.56,1/19/2024
457,Vassili Haymes,MF,$904.00,$4326.94,$7371.57,2/14/2024
458,Kasper Rechert,MF,$6997.89,$1973.98,$9505.36,9/26/2023
459,Lowell Gigg,GK,$6657.85,$2407.28,$8103.99,3/30/2024
460,Clywd Rawe,MF,$8931.12,$3542.40,$1890.22,9/22/2023
461,Xavier Bonnell,FW,$7713.56,$2846.21,$2168.68,5/10/2024
462,Alli Checo,DF,$2096.01,$8401.50,$8576.86,3/19/2024
463,Terza Jaycock,MF,$4350.40,$9256.77,$6924.06,9/15/2023
464,Verile Redhills,DF,$6965.57,$1291.01,$233.81,9/17/2023
465,Cecelia Toothill,ST,$9085.48,$5476.67,$5935.82,5/27/2024
466,Leonie Caddie,MF,$6791.24,$6136.43,$8474.93,4/13/2024
467,Zelig Corke,GK,$5404.12,$7965.02,$2940.92,2/16/2024
468,Dede Hammerberger,ST,$6282.40,$4644.87,$5952.71,1/30/2024
469,Novelia Crickett,GK,$827.99,$3526.54,$7029.76,4/10/2024
470,Giraud Spackman,MF,$1862.09,$7076.15,$378.97,1/10/2024
471,Pepi Swannell,DF,$9546.16,$8465.33,$7651.53,2/17/2024
472,Carita Barten,DF,$3055.81,$8317.48,$3418.18,12/25/2023
473,Idalina Connal,GK,$3788.08,$7528.88,$7032.21,5/17/2024
474,Aloise Beglin,FW,$6179.94,$7209.29,$362.16,5/24/2024
475,Luci Eccleston,ST,$8817.12,$9614.78,$3068.96,10/14/2023
476,Dwayne Ternault,GK,$1236.40,$4420.36,$39.14,4/7/2024
477,Kim Trematick,GK,$3841.65,$7261.21,$1283.19,7/5/2023
478,Ingunna Seagar,MF,$641.02,$9968.75,$9670.64,10/10/2023
479,Izaak Cupitt,FW,$9528.07,$9285.98,$2971.39,8/30/2023
480,Polly Golder,ST,$572.54,$1198.16,$467.41,12/28/2023
481,Maressa Ferrarin,FW,$8438.15,$7562.89,$5114.29,3/7/2024
482,Gram Espinha,FW,$3910.57,$2082.60,$9638.55,4/3/2024
483,Seth Sibbet,ST,$8921.81,$8020.81,$960.66,7/6/2023
484,Neill Stolze,ST,$5110.08,$8011.37,$3210.06,2/4/2024
485,Beatrisa Laite,MF,$1329.11,$913.85,$7162.48,4/24/2024
486,Marcel Basek,MF,$6198.13,$4865.65,$5470.61,12/24/2023
487,Mellicent Belton,GK,$6715.35,$7002.85,$6229.82,4/22/2024
488,Adi Moorcroft,DF,$986.85,$4578.88,$2961.96,9/24/2023
489,Orrin Guillard,ST,$7775.84,$7147.09,$6061.73,1/16/2024
490,Tildy Kingsley,GK,$9679.68,$9857.93,$338.53,7/1/2023
491,Davie Doughty,FW,$5463.89,$1267.01,$6427.96,7/3/2023
492,Stavros Minkin,FW,$2273.29,$9827.16,$5650.81,1/26/2024
493,Beverlie Zamboniari,ST,$1260.20,$2091.39,$2780.63,7/21/2023
494,Abra Rosenberg,DF,$8359.21,$6337.82,$3944.96,5/11/2024
495,Bancroft Boshers,DF,$6671.90,$6213.72,$4442.76,4/12/2024
496,Ansel Curgenven,ST,$3013.41,$6329.65,$4319.27,3/14/2024
497,Kellina Grahlmans,ST,$2621.54,$3251.64,$1755.39,7/31/2023
498,Sonni Barbier,DF,$4225.84,$6111.01,$4207.17,5/11/2024
499,Dorthy Antonat,MF,$2441.19,$4561.55,$7842.07,6/3/2024
500,Heath Stolberg,ST,$4463.65,$9662.84,$5094.52,7/13/2023
501,Ranee Clissell,FW,$6237.79,$3455.26,$5952.35,9/20/2023
502,Lani Murty,FW,$8187.07,$1631.52,$8910.16,10/10/2023
503,Tadeo McAnulty,FW,$5710.56,$8202.49,$3813.17,3/30/2024
504,Perrine Thatcher,ST,$2425.95,$4997.65,$8656.89,11/8/2023
505,Pedro Deave,FW,$7685.40,$9178.29,$2638.62,4/13/2024
506,Emmalynne Barrowcliff,FW,$2122.01,$5423.09,$5349.23,6/20/2023
507,Ellwood O'Fearguise,ST,$8935.23,$700.30,$5257.68,5/2/2024
508,Rois Foale,DF,$6411.27,$905.65,$868.44,3/2/2024
509,Luci Phillimore,DF,$269.75,$6309.21,$1495.54,10/19/2023
510,Benyamin Skeel,ST,$3096.16,$1631.38,$6765.87,11/28/2023
511,Sean Sorsbie,DF,$7300.15,$8993.57,$9204.63,7/29/2023
512,Guillaume Blythe,ST,$518.18,$9203.84,$9549.45,12/28/2023
513,Aggi Houlworth,ST,$9246.51,$1246.07,$7728.99,8/5/2023
514,Imogene Allibone,ST,$5080.08,$7466.74,$6583.08,12/4/2023
515,Dena Realff,DF,$2236.97,$3018.13,$7888.07,5/16/2024
516,Ferdinand Mowbray,ST,$7582.30,$7474.72,$1180.27,9/14/2023
517,Charmane Gearty,FW,$4405.12,$8077.27,$7540.99,1/16/2024
518,Tam Basten,ST,$8728.77,$778.21,$5390.19,5/16/2024
519,Yank Clempton,FW,$8201.49,$5216.28,$8889.63,11/22/2023
520,Wallie Busfield,DF,$8106.89,$942.36,$1012.41,4/9/2024
521,Kaye Ellyatt,FW,$1607.80,$4154.28,$4735.20,1/13/2024
522,Kathie Kenforth,DF,$4005.74,$6816.92,$5436.32,2/1/2024
523,Alicia Drinnan,FW,$2034.67,$9848.87,$7826.41,5/3/2024
524,Christalle Diehn,GK,$3743.02,$3429.20,$9241.55,10/27/2023
525,Norman Lates,DF,$5423.03,$1297.11,$3817.75,7/11/2023
526,Ricardo Itchingham,FW,$7009.34,$842.58,$2946.57,11/27/2023
527,Thekla MacDearmaid,GK,$4538.15,$9984.69,$7765.78,6/16/2023
528,Frazer Knightly,MF,$8257.30,$5910.81,$8018.04,11/1/2023
529,Ezri Rankine,FW,$2422.62,$2588.01,$5972.04,7/25/2023
530,Alberto Dickons,FW,$3274.66,$7414.69,$3058.68,3/29/2024
531,Doralynne Frederick,DF,$1971.96,$3925.13,$6705.28,2/2/2024
532,Sidonia Pillifant,ST,$9615.90,$8711.74,$5889.07,3/18/2024
533,Anne-marie Kobes,ST,$5692.27,$2406.56,$8751.17,9/14/2023
534,Biddy Bristoe,FW,$186.38,$7924.53,$4494.06,5/11/2024
535,Bobbette Fearney,GK,$4412.27,$4136.24,$8426.75,2/7/2024
536,Keelia Brounfield,ST,$6061.72,$3169.36,$3484.44,1/17/2024
537,Tedie Lefever,ST,$2994.84,$8429.12,$4675.72,7/4/2023
538,Monte Van den Velde,ST,$245.58,$9453.40,$6219.62,5/29/2024
539,Bonni Gillman,MF,$2674.15,$930.86,$1706.21,6/12/2023
540,Dalis Treske,FW,$4254.64,$5605.34,$7539.44,5/17/2024
541,Cordi Casetta,FW,$3546.36,$9293.07,$7900.58,5/19/2024
542,Wendie Fayerman,ST,$5688.48,$9561.26,$7965.11,4/21/2024
543,Consolata D'Alessandro,GK,$792.41,$8913.30,$8190.33,12/19/2023
544,Sherry Connolly,GK,$1553.94,$2634.89,$9817.39,10/24/2023
545,Leonardo Gauch,FW,$5276.99,$6802.08,$4230.82,3/15/2024
546,Ermentrude Foy,FW,$9906.00,$9631.88,$1828.37,7/25/2023
547,Herby Poytress,FW,$7559.89,$9281.28,$5844.31,4/2/2024
548,Ronny Denniston,MF,$7806.08,$514.92,$3700.48,11/7/2023
549,Hebert Holton,MF,$2087.14,$3380.19,$6661.02,12/7/2023
550,Cordy Sharply,FW,$5925.77,$4798.48,$3574.54,12/5/2023
551,Cody Kliment,ST,$9029.25,$6623.09,$7913.34,2/13/2024
552,Orlando Iannuzzi,FW,$5722.48,$4059.74,$5732.84,10/23/2023
553,Chevalier Carrivick,FW,$7583.13,$5167.71,$6391.83,6/8/2023
554,Shermy Laingmaid,GK,$8525.70,$134.69,$1074.76,8/17/2023
555,Fifi Ondrich,FW,$3936.49,$5688.88,$7754.76,9/5/2023
556,Dinnie Madrell,DF,$7376.63,$9314.78,$8389.73,4/2/2024
557,Tate Govett,FW,$2522.81,$4641.51,$7084.80,3/22/2024
558,Tynan Hirschmann,MF,$3963.94,$6004.79,$8373.08,11/14/2023
559,Sue Studdard,MF,$2428.58,$6159.03,$5753.02,6/27/2023
560,Crissy Adamec,GK,$8107.81,$6616.69,$460.62,3/4/2024
561,Tawsha Harriot,FW,$9775.85,$6401.13,$6766.28,2/9/2024
562,Bridie MacCarlich,MF,$3164.20,$8691.30,$9600.65,3/19/2024
563,Ortensia Hollebon,FW,$8473.22,$7251.23,$8403.94,2/25/2024
564,Aron Paylor,GK,$3164.09,$262.99,$3866.83,2/8/2024
565,Jaclyn McAnellye,DF,$8042.00,$1852.44,$8156.45,3/14/2024
566,Olenka Lehrle,DF,$2735.37,$6428.79,$651.22,1/28/2024
567,Freedman Caunter,ST,$2428.66,$1111.04,$3914.79,11/17/2023
568,Blondell Whatman,GK,$1340.85,$3306.92,$9454.04,6/12/2023
569,Cassy Ismead,ST,$3821.89,$132.53,$9911.95,12/27/2023
570,Dierdre Shakesbye,MF,$8555.25,$441.33,$7600.04,10/21/2023
571,Aurthur Tabourin,ST,$9306.88,$6809.45,$1599.10,8/8/2023
572,Sean Felton,MF,$8131.93,$246.90,$1785.30,7/31/2023
573,Liane Wollacott,DF,$688.73,$9574.65,$2371.59,1/31/2024
574,Miguelita Lattie,GK,$4937.17,$4789.00,$5329.13,5/22/2024
575,Sibel Notman,GK,$5634.83,$5721.61,$8138.25,2/9/2024
576,Giavani Le Blanc,MF,$4833.47,$3272.51,$8595.09,3/31/2024
577,Colas Hembery,MF,$7424.40,$6187.27,$8483.19,6/16/2023
578,Gavrielle Bound,DF,$9282.58,$1444.33,$9358.13,9/3/2023
579,Masha Pilmore,ST,$7699.80,$8525.43,$3171.87,3/4/2024
580,Knox Devenport,FW,$6537.71,$1903.88,$962.85,10/29/2023
581,Gilli Stubbin,FW,$9721.30,$7128.38,$5909.41,5/25/2024
582,Erinna Canniffe,MF,$3412.50,$8456.32,$8279.70,8/14/2023
583,Ninnette Wear,DF,$5415.77,$9790.14,$6944.95,11/10/2023
584,Dulcine Youngman,DF,$1561.19,$4255.72,$2824.53,2/10/2024
585,Sauveur O' Lone,DF,$2036.33,$7768.01,$9341.78,11/20/2023
586,Shanan Garrattley,GK,$7736.98,$3162.17,$5933.34,11/20/2023
587,Leanna Swindells,FW,$8730.83,$2236.32,$8763.91,11/2/2023
588,Ban Isted,GK,$3956.94,$560.77,$2341.76,4/18/2024
589,Glad Glanz,MF,$1835.38,$2400.60,$3388.17,1/30/2024
590,Corny Jillions,GK,$7455.27,$4033.72,$3024.44,3/4/2024
591,Yetty Scarff,GK,$361.32,$2606.55,$7462.36,9/18/2023
592,Catlee Radsdale,ST,$6289.30,$2572.86,$2009.13,11/10/2023
593,Collete Rubinshtein,FW,$9699.31,$9853.41,$4214.54,6/14/2023
594,Phil Bloodworth,ST,$4597.06,$6465.13,$4143.95,3/11/2024
595,Sigmund Ragat,DF,$9317.34,$5734.30,$3093.33,7/16/2023
596,Cordy Sarjeant,FW,$3895.99,$267.82,$9784.73,11/30/2023
597,Alard Sarfati,MF,$4447.14,$3383.96,$4118.27,9/6/2023
598,Patton Calcott,ST,$6364.92,$4588.76,$5570.16,2/25/2024
599,Bevin Baynard,ST,$6997.65,$5895.47,$6653.24,5/31/2024
600,Gerri Foyle,FW,$3191.43,$472.21,$2876.62,12/26/2023
601,Joya Creeboe,GK,$282.30,$9177.65,$6287.04,6/20/2023
602,Matt Braxay,ST,$3567.23,$2078.27,$4431.60,8/25/2023
603,Arnaldo Walkling,GK,$1787.91,$1041.46,$9070.05,1/11/2024
604,Garold Overthrow,MF,$6745.09,$9182.50,$864.48,4/16/2024
605,Hughie Trengove,ST,$7288.83,$5610.43,$9102.41,12/2/2023
606,Gustavo Tuttiett,ST,$5404.81,$3807.64,$8830.35,11/18/2023
607,Chiarra Bernasek,GK,$7560.33,$7274.54,$6762.38,12/19/2023
608,Ethe Booton,FW,$1433.04,$4614.38,$1681.74,6/12/2023
609,Michael Tupper,DF,$5382.91,$5713.65,$6202.51,2/2/2024
610,Ofilia Giddy,GK,$3758.12,$6417.26,$38.74,12/31/2023
611,Johannah Marunchak,FW,$1766.98,$1512.60,$9371.72,12/29/2023
612,Aluino Statefield,ST,$860.35,$3816.70,$9778.86,4/20/2024
613,Anselma Delea,MF,$4753.76,$3211.14,$6053.37,2/23/2024
614,Dore Dominiak,ST,$5927.53,$2415.22,$3005.57,10/12/2023
615,Devina Daintrey,DF,$3540.82,$5475.78,$5562.52,11/7/2023
616,Faber Kinnin,ST,$7420.56,$8542.12,$3331.80,10/14/2023
617,Renae Carolan,GK,$8855.27,$7729.23,$6975.88,1/31/2024
618,Calla Assante,MF,$2329.39,$9947.19,$1555.05,1/22/2024
619,Allene Thornbarrow,MF,$1677.60,$8062.58,$3707.49,4/26/2024
620,Myrwyn Locks,GK,$5585.55,$9162.47,$9361.28,5/30/2024
621,Barr Gutans,DF,$4649.72,$5570.31,$8935.72,10/28/2023
622,Luci Trewhela,DF,$9792.76,$8830.84,$6111.70,6/1/2024
623,Lombard Klesl,ST,$4669.70,$599.99,$2413.08,8/6/2023
624,Boyd Christophers,FW,$2761.96,$473.95,$4139.55,3/5/2024
625,Cliff McKinnon,MF,$2464.04,$2816.05,$9938.53,12/6/2023
626,Guthrie Stede,MF,$4787.81,$9580.88,$6844.99,7/18/2023
627,Monroe Galland,GK,$1360.80,$3655.47,$4631.57,8/12/2023
628,Ellary Bather,GK,$572.99,$6424.29,$4757.92,9/18/2023
629,Blisse Samwaye,GK,$6310.03,$4279.98,$2187.88,10/14/2023
630,Martyn Potapczuk,FW,$4968.26,$1410.55,$1290.79,12/19/2023
631,Lia Chillingsworth,ST,$6955.49,$6565.09,$8731.72,10/27/2023
632,Laird Channon,DF,$673.65,$2843.63,$9781.45,12/5/2023
633,Blair Toth,FW,$8153.42,$7012.62,$8289.35,4/1/2024
634,Lorrin Wrixon,GK,$5667.41,$6512.12,$5443.43,7/20/2023
635,Gabbie Strode,FW,$5280.12,$8912.16,$7703.74,12/14/2023
636,Adriana Cutmare,MF,$1772.56,$6947.42,$8065.84,5/31/2024
637,Antony Letford,ST,$1049.94,$3704.24,$589.66,3/16/2024
638,Jaye Garvin,DF,$4480.46,$7047.38,$2841.20,6/12/2023
639,Del Pennycock,MF,$6322.87,$9045.61,$9485.88,5/6/2024
640,Dorolice Bussell,GK,$5025.45,$397.02,$8991.63,3/23/2024
641,Maure Busch,DF,$6178.57,$5377.32,$6308.07,1/8/2024
642,Dee Jerdein,FW,$891.14,$8765.00,$5284.12,2/17/2024
643,Milissent Vondra,MF,$7865.72,$8451.29,$3280.51,8/17/2023
644,Raphaela Foden,ST,$1233.27,$2928.75,$4310.36,1/6/2024
645,Viviana Maneylaws,FW,$5484.23,$3491.94,$6835.01,4/6/2024
646,Joey Gilling,FW,$1098.78,$7172.71,$403.23,12/19/2023
647,Ardyth Giberd,ST,$5444.25,$9382.61,$8921.97,7/24/2023
648,Corey Glavias,FW,$6934.09,$5584.47,$5514.61,2/13/2024
649,Gina Godman,MF,$1092.11,$3622.97,$6107.58,7/3/2023
650,Idalina Loadman,DF,$215.79,$147.77,$2516.45,4/20/2024
651,Cherianne Ledward,DF,$1522.56,$6395.64,$894.50,2/6/2024
652,Theodosia Sawnwy,MF,$4010.55,$4248.05,$6251.92,5/8/2024
653,Zachariah Edlestone,GK,$8371.77,$3091.54,$1619.42,12/28/2023
654,Cleve Deveril,FW,$8248.55,$6961.16,$1738.54,5/30/2024
655,Dimitri Poultney,DF,$752.25,$1672.23,$8680.66,5/8/2024
656,Gerda Armall,MF,$7188.03,$7183.48,$1090.97,9/19/2023
657,Cindie Davydochkin,GK,$2409.48,$7370.48,$3621.41,3/7/2024
658,Adams Dorsey,ST,$608.21,$6551.17,$8220.44,5/11/2024
659,Meta Iacovone,FW,$8240.29,$296.10,$5619.58,5/19/2024
660,Annecorinne Edgson,GK,$4187.00,$5619.00,$4281.88,11/30/2023
661,Cleopatra Rowbrey,GK,$3106.32,$1062.79,$734.75,1/2/2024
662,Donalt Pilgram,MF,$2551.58,$1915.77,$1408.37,3/2/2024
663,Billy Lillyman,MF,$4930.33,$3215.79,$9730.16,8/11/2023
664,Sonnie Stede,GK,$846.57,$8087.94,$4890.97,4/4/2024
665,Kordula Jorry,FW,$3624.95,$5574.84,$2994.27,6/23/2023
666,Farrand Pittet,MF,$5947.65,$9355.74,$6707.87,8/29/2023
667,Evangelina Schorah,DF,$9568.28,$3375.62,$8782.91,5/25/2024
668,Lorette Demelt,DF,$3683.32,$1393.75,$2034.18,3/13/2024
669,Brit Atwill,DF,$3141.44,$9419.38,$6705.84,5/5/2024
670,Nariko Klimontovich,MF,$3952.80,$6305.76,$4778.33,10/3/2023
671,Chester Hedingham,DF,$463.32,$5744.84,$586.06,1/9/2024
672,Yank Wyrill,FW,$2676.32,$5932.67,$512.63,5/12/2024
673,Etta Stefi,MF,$1066.29,$5207.79,$9106.85,1/11/2024
674,Melanie Clausewitz,FW,$5400.27,$3306.08,$6008.70,6/23/2023
675,De witt Daley,FW,$4277.24,$2135.13,$380.27,12/19/2023
676,Nicolea Lightowler,GK,$9573.87,$7466.06,$8865.21,6/24/2023
677,Hortensia Sussex,DF,$6086.30,$3627.58,$6739.24,8/27/2023
678,Bran Chart,GK,$6752.78,$185.50,$5304.08,3/12/2024
679,Corinna Baum,DF,$2127.61,$9145.49,$9440.23,10/1/2023
680,Orson Ryde,FW,$3789.26,$9294.48,$8760.49,12/2/2023
681,Daryl Davenhall,ST,$2150.62,$8028.71,$5095.97,5/6/2024
682,Worthy Ledgister,GK,$3653.72,$1861.45,$269.84,10/16/2023
683,Antonetta Blackster,ST,$8043.96,$1374.15,$4212.31,1/6/2024
684,Hugues Eddow,ST,$1542.66,$2523.10,$8955.71,5/7/2024
685,Jozef Ingold,FW,$4660.24,$482.65,$9621.99,2/5/2024
686,Alameda O' Ronan,MF,$7922.64,$8686.14,$4269.37,12/31/2023
687,Kathleen McBain,DF,$4321.49,$2449.01,$2343.08,1/7/2024
688,Arline Purchon,FW,$4480.26,$729.04,$914.66,6/2/2024
689,Martyn Sedgeman,FW,$581.61,$1018.97,$2118.35,3/12/2024
690,Betta Symson,DF,$7932.67,$1202.85,$7577.16,5/3/2024
691,Briggs Lightbown,ST,$2104.97,$6139.59,$4672.22,5/5/2024
692,Dominic Simonite,FW,$5994.51,$5913.43,$5932.74,1/5/2024
693,Leonid Kordova,ST,$7690.67,$4734.72,$4200.53,8/21/2023
694,Aron Badcock,DF,$3691.34,$7918.77,$3466.80,4/29/2024
695,Angelita Beavon,DF,$2119.35,$6335.65,$7595.24,7/14/2023
696,Base Peegrem,GK,$6497.17,$1508.88,$9761.51,10/31/2023
697,Ezri Clemes,DF,$8842.93,$1454.81,$376.35,12/20/2023
698,Rocky Hedworth,FW,$9482.78,$4982.60,$3023.60,10/1/2023
699,Holli Maryan,MF,$6348.67,$4890.88,$4833.21,4/26/2024
700,Sharl Drysdale,ST,$5108.88,$3113.45,$3348.25,8/11/2023
701,Warden Liggins,GK,$5821.42,$8400.72,$6189.63,7/24/2023
702,Lidia Dunbabin,FW,$9093.50,$7989.42,$7379.74,8/22/2023
703,Gwen Raper,DF,$8983.06,$8525.02,$4544.92,12/30/2023
704,Jeralee Congreve,DF,$4191.83,$2696.13,$6236.56,4/24/2024
705,Ravid Bulford,ST,$7203.83,$8798.22,$4183.17,8/27/2023
706,Salvador Proudley,ST,$1353.34,$422.60,$7113.01,9/6/2023
707,Star Southworth,FW,$4313.75,$9463.84,$1877.38,12/29/2023
708,Dela Innis,GK,$1996.27,$6882.74,$8191.57,11/27/2023
709,Bridie Vallentin,MF,$6405.74,$5561.61,$7826.07,8/27/2023
710,Felix Boulds,MF,$6207.21,$7721.89,$915.17,5/9/2024
711,Florina Slyvester,ST,$3897.10,$1424.19,$7386.98,10/24/2023
712,Selma Ummfrey,MF,$9726.38,$566.62,$4020.11,1/13/2024
713,Lillis de Keyser,FW,$6849.84,$1316.87,$4235.02,1/22/2024
714,Hedy Eaken,FW,$6396.62,$547.48,$4650.49,9/4/2023
715,Worden Greensides,GK,$6665.08,$9120.52,$4835.23,10/15/2023
716,Thayne Penke,FW,$3820.89,$6508.87,$5469.79,4/13/2024
717,Anselm Wedmore.,DF,$3073.53,$4789.95,$3330.82,2/19/2024
718,Cirstoforo Gascoyne,MF,$4795.95,$6484.95,$4388.31,6/11/2023
719,Karol Stud,DF,$255.49,$852.24,$9524.52,12/7/2023
720,Ibbie Pantridge,DF,$2250.77,$6061.79,$6284.33,9/7/2023
721,Trula Suett,FW,$304.83,$3379.59,$2786.38,7/10/2023
722,Shirlee Beavon,ST,$4899.59,$817.60,$2601.19,4/22/2024
723,Desmund Pettican,ST,$7316.91,$7464.30,$3213.29,2/6/2024
724,Michel Luetchford,ST,$6704.75,$7720.09,$5605.95,9/24/2023
725,Barbey Rolin,MF,$5324.98,$6386.19,$4956.92,11/28/2023
726,Wenona Anderton,GK,$8247.50,$5328.17,$3727.46,11/22/2023
727,Maxy Berzons,DF,$2003.83,$9629.52,$9306.96,4/3/2024
728,Gibby Codlin,ST,$8829.19,$6629.38,$6972.03,1/1/2024
729,Walliw Lloyd,ST,$8829.72,$3141.61,$5369.48,3/21/2024
730,Orelia Fawlks,FW,$7622.80,$1348.19,$6964.10,10/26/2023
731,Roby Kyte,FW,$731.08,$5104.07,$6661.57,11/13/2023
732,Dame Roderigo,MF,$5315.44,$5170.51,$2713.50,8/26/2023
733,Felice Dimmer,ST,$5937.13,$556.38,$7651.88,5/13/2024
734,Samantha Willows,DF,$4337.92,$1412.17,$8992.72,6/24/2023
735,Beale Melladew,FW,$6981.36,$3241.57,$8817.79,8/16/2023
736,Martie Bigglestone,FW,$4643.04,$4682.45,$9512.47,9/29/2023
737,Efrem Calan,DF,$3828.67,$2992.08,$7516.14,10/17/2023
738,Ninetta Wastling,MF,$1571.57,$7615.91,$3860.64,11/16/2023
739,Peggi Cribbins,DF,$544.49,$8419.96,$8010.14,8/11/2023
740,Merry Neve,FW,$866.50,$9414.48,$6559.41,2/3/2024
741,Tiena Swanson,GK,$5951.52,$7036.53,$7987.41,3/21/2024
742,Caresa Marrion,ST,$8707.14,$1738.51,$9448.30,6/14/2023
743,Karlens Hutable,ST,$4797.80,$3289.71,$6885.81,12/12/2023
744,Bancroft Drowsfield,MF,$2119.69,$6568.06,$2568.04,5/15/2024
745,Marena Smithers,FW,$2558.45,$4607.01,$2387.32,9/14/2023
746,Fax Bromehead,MF,$1462.42,$5062.87,$2521.51,7/27/2023
747,Mendel Tatteshall,MF,$6138.99,$1737.94,$8266.49,8/24/2023
748,Carree Downe,ST,$9643.65,$1892.63,$2147.02,2/28/2024
749,Ada Youthead,GK,$1049.87,$1796.60,$4509.41,12/9/2023
750,Oates Carous,FW,$4515.79,$1066.06,$2507.68,7/6/2023
751,Kimmie Howselee,ST,$3619.39,$8444.34,$4821.87,5/26/2024
752,Homer Currie,MF,$7049.59,$9158.50,$418.55,10/28/2023
753,Caresa Pizey,DF,$1262.43,$8195.39,$7564.14,2/7/2024
754,Henrietta Statter,ST,$511.74,$5154.10,$7468.63,2/24/2024
755,Dev Tures,MF,$556.75,$7382.59,$7647.11,6/11/2023
756,Walker Rizzardo,DF,$9508.34,$4823.39,$8427.86,7/10/2023
757,Violetta Stambridge,DF,$9431.74,$2681.81,$6511.44,1/27/2024
758,Irv Slark,DF,$2807.85,$4753.01,$7812.11,11/1/2023
759,Bart Escale,ST,$8190.38,$9991.37,$8241.43,1/30/2024
760,Lothario Czajkowski,DF,$7862.19,$9371.13,$1205.24,5/5/2024
761,Philly Le Prevost,FW,$1603.96,$2730.08,$9070.61,8/4/2023
762,Chiquita Makiver,GK,$3312.67,$9303.63,$3850.37,6/24/2023
763,Conrado Wayper,FW,$1494.80,$7174.62,$2316.44,11/10/2023
764,Benn Goulston,ST,$7421.22,$7325.83,$1484.48,12/7/2023
765,Freida Bastian,FW,$5766.70,$7452.67,$9266.81,6/15/2023
766,Inglebert Dixcey,FW,$6882.08,$849.95,$6381.03,9/24/2023
767,Dante Bockmann,MF,$289.06,$6673.28,$4825.53,1/19/2024
768,Justinian Frudd,FW,$4274.55,$1179.94,$2046.84,3/25/2024
769,Irma Potkins,GK,$651.73,$7546.93,$7135.45,8/12/2023
770,Lorrie Bazylets,MF,$2758.92,$5060.79,$7284.89,12/15/2023
771,Aksel Arlt,GK,$1314.53,$4306.99,$7197.02,10/27/2023
772,Eula Whisson,GK,$3653.85,$4731.39,$2232.55,7/27/2023
773,Seka Tierny,FW,$2146.06,$3271.17,$3110.61,6/12/2023
774,Leigh Burberye,GK,$4188.87,$5229.65,$5219.24,3/1/2024
775,Mickie Kull,FW,$7919.12,$72.02,$9315.61,8/8/2023
776,Violante Barnfather,DF,$7334.47,$9959.51,$3520.79,5/7/2024
777,Bette-ann McConnal,DF,$5249.12,$9197.53,$1347.88,12/17/2023
778,Roshelle Lourens,GK,$3596.09,$6535.10,$810.26,12/3/2023
779,Kelsi Matzel,GK,$1683.20,$1939.39,$6235.17,12/7/2023
780,Angele Borkett,ST,$9560.43,$6179.62,$438.05,8/25/2023
781,Christoph Mila,ST,$4658.09,$5094.75,$6586.37,3/27/2024
782,Edyth Lamas,FW,$5126.64,$5448.08,$1444.00,12/19/2023
783,Lillis Whetnall,MF,$3972.82,$4221.77,$2140.01,9/8/2023
784,Edita Linsey,ST,$1401.39,$7801.42,$3517.84,5/1/2024
785,Hazlett Blues,GK,$6679.52,$749.18,$1889.02,3/7/2024
786,Lorelle Lafrentz,ST,$8266.43,$9839.00,$5485.22,4/30/2024
787,Christy Statefield,GK,$9772.91,$1969.99,$541.78,8/5/2023
788,Karita Coveney,GK,$9835.16,$6785.17,$5791.80,9/25/2023
789,Fiona Versey,FW,$2153.16,$560.57,$300.35,12/19/2023
790,Pegeen Tinklin,FW,$3127.97,$9407.60,$2124.19,6/29/2023
791,Berenice Ponde,ST,$3927.48,$5118.21,$8027.19,9/22/2023
792,Anna-diane Dixcee,FW,$4182.29,$6210.74,$4275.15,9/8/2023
793,Hedvig Loxdale,DF,$9337.56,$2957.03,$2375.03,10/8/2023
794,Agnola Mickleburgh,DF,$2703.90,$7996.59,$6883.22,8/6/2023
795,Urbano Vatini,MF,$325.51,$7522.25,$7248.36,12/26/2023
796,Stacee Abramino,FW,$487.55,$7429.59,$587.45,12/18/2023
797,Keir Arend,MF,$7528.17,$6770.84,$5662.25,2/5/2024
798,Ros Edowes,ST,$9011.19,$1547.76,$6480.13,8/9/2023
799,Kimberley Hanvey,ST,$8799.49,$2616.39,$7205.66,4/8/2024
800,Reuben Thorogood,ST,$6350.49,$9987.48,$8324.36,8/22/2023
801,Harwell Poulson,MF,$9828.83,$1054.95,$4656.36,5/17/2024
802,Loren MacGiolla Pheadair,GK,$3586.86,$2202.11,$6188.88,7/2/2023
803,Breanne Lorraway,GK,$4470.61,$2754.42,$991.63,7/16/2023
804,Aggi Rentilll,ST,$4779.84,$9232.14,$92.51,3/25/2024
805,Vick Lettsom,GK,$785.66,$5058.53,$4356.75,10/6/2023
806,Oneida Leney,DF,$4699.36,$4617.23,$2884.96,9/6/2023
807,Boniface Tugwell,DF,$888.06,$3565.86,$7263.50,4/28/2024
808,Daloris Gossage,DF,$8481.18,$6133.29,$1355.64,5/4/2024
809,Adriena Seed,GK,$804.71,$2754.85,$6803.34,6/30/2023
810,Joletta Twelvetree,MF,$7032.43,$7344.84,$8711.00,7/13/2023
811,Wallis Tuckwell,ST,$9072.93,$4032.40,$1894.47,4/16/2024
812,Anestassia Latter,FW,$4685.56,$5033.78,$1132.63,11/3/2023
813,Royce Tremelling,MF,$8579.05,$2720.90,$3270.23,12/16/2023
814,Manya Pontin,FW,$7079.05,$5083.13,$7751.83,8/14/2023
815,Muire Diggell,MF,$3267.51,$1985.57,$8621.48,8/15/2023
816,Ermina Sexti,FW,$5390.84,$2252.26,$9427.03,2/18/2024
817,Hernando Treend,MF,$9144.34,$1214.07,$3703.70,6/22/2023
818,Mureil Crosio,MF,$6455.89,$7819.83,$777.00,8/12/2023
819,Cristi Buxton,DF,$7075.83,$780.38,$5952.74,5/30/2024
820,Dexter Mellanby,ST,$945.43,$7339.84,$7680.48,3/13/2024
821,Lida Phillis,MF,$380.75,$974.61,$4403.23,12/24/2023
822,Laurena Brignell,GK,$6923.43,$7274.68,$4735.40,8/8/2023
823,Gun Brafferton,FW,$7195.45,$5937.02,$6685.65,7/5/2023
824,Karie Addey,MF,$1275.91,$5702.69,$4978.73,6/13/2023
825,Jillana Polack,DF,$8653.66,$9069.06,$5416.66,7/27/2023
826,Elsworth Pitkeathly,ST,$3774.90,$9995.17,$6916.39,5/11/2024
827,Corey De Brett,DF,$4046.35,$754.41,$8485.05,11/8/2023
828,Ninette Spellward,GK,$703.10,$2173.86,$6208.75,12/23/2023
829,Rodi Sawart,ST,$2525.40,$2309.50,$8430.48,10/14/2023
830,Jori Dunnet,ST,$9312.94,$5975.35,$7858.32,6/4/2023
831,Guthrey Mounce,GK,$9296.55,$3059.99,$6391.88,3/26/2024
832,Denni Curlis,GK,$6931.42,$4756.66,$1966.06,11/20/2023
833,Annissa Wealthall,GK,$5094.33,$4784.07,$2464.41,11/18/2023
834,Wendeline Blazhevich,MF,$410.00,$2955.31,$564.68,1/8/2024
835,Deerdre Billion,FW,$4208.85,$7789.45,$9500.27,2/2/2024
836,Haley Daid,GK,$2265.29,$6448.59,$5664.82,1/4/2024
837,Lucian Stuchbury,GK,$640.95,$8249.83,$9221.72,9/23/2023
838,Nertie Klemencic,MF,$4358.27,$1919.92,$8230.56,12/26/2023
839,Nichol Gritland,ST,$8966.00,$4224.89,$8792.71,1/24/2024
840,Iosep Mitchelhill,FW,$2460.08,$2441.01,$36.97,3/4/2024
841,Rafaellle Escalero,FW,$4175.96,$9818.70,$5447.52,9/9/2023
842,Corabel Goodrick,FW,$7480.39,$3623.50,$3027.24,2/19/2024
843,Guss Derges,DF,$9717.78,$577.32,$8536.74,7/7/2023
844,Blinni Hearst,GK,$341.85,$1952.38,$8966.47,6/22/2023
845,Junette Carpmile,FW,$6866.32,$7853.03,$231.92,6/4/2023
846,Orrin Fontaine,GK,$980.63,$9555.81,$7969.79,8/15/2023
847,Valaria Awcock,DF,$4811.02,$9153.78,$1685.23,9/28/2023
848,Celestyna Norwell,GK,$5200.31,$2751.06,$7440.90,12/24/2023
849,Ches Allaway,DF,$6101.83,$4365.43,$6624.60,4/9/2024
850,Haley Grevel,MF,$8527.00,$8193.93,$9995.59,12/12/2023
851,Kristoforo Follitt,MF,$5061.30,$8085.27,$4238.43,11/6/2023
852,Sigismundo McDougald,FW,$7708.73,$6806.04,$3094.41,1/14/2024
853,Skell Quadling,ST,$8770.21,$698.14,$9609.23,6/6/2023
854,Billie Decourcy,DF,$3611.80,$644.32,$3719.60,10/8/2023
855,Lyndy Bapty,DF,$2723.25,$1034.35,$864.14,8/29/2023
856,Opal Setch,GK,$8866.04,$2107.64,$181.35,11/10/2023
857,Zolly Ryburn,GK,$536.27,$9635.89,$930.09,6/7/2023
858,Eveline Lazonby,ST,$4216.13,$4185.06,$2607.13,2/8/2024
859,Corby Orrah,GK,$264.69,$692.52,$9407.15,8/27/2023
860,Almeria Fortune,MF,$7572.04,$1087.99,$3732.18,12/15/2023
861,Clem Newcombe,GK,$8251.34,$8784.04,$8484.53,9/2/2023
862,Ibby Peace,GK,$2709.84,$745.08,$621.44,6/10/2023
863,Twila Pyser,FW,$5966.87,$3396.37,$7454.47,10/3/2023
864,Farr Randleson,FW,$8434.23,$2798.48,$4073.70,10/18/2023
865,Anabal Bonas,MF,$5118.72,$9761.14,$2145.83,2/10/2024
866,Reid Wardrop,ST,$9508.09,$6191.49,$7557.29,10/24/2023
867,Moira Gullick,MF,$4785.05,$7441.81,$7875.23,10/31/2023
868,Nell Perryn,MF,$2728.79,$538.55,$8731.04,9/1/2023
869,Marsha Bough,GK,$8811.90,$2100.97,$4156.77,12/8/2023
870,Goldi Lindner,FW,$8796.24,$792.13,$1446.54,8/22/2023
871,Waverly Kilian,DF,$2954.55,$9866.31,$8882.39,4/4/2024
872,Morgana Roddick,ST,$7167.74,$9278.86,$4546.85,9/2/2023
873,Idaline Wingrove,DF,$7922.67,$9471.91,$2922.33,11/1/2023
874,Mab Belfrage,MF,$7628.24,$3309.00,$5433.98,7/20/2023
875,Harwell Boulde,DF,$3058.07,$7161.37,$6271.20,3/2/2024
876,Meris Crosthwaite,ST,$8667.69,$324.24,$8108.72,7/27/2023
877,Constantine Bartelet,GK,$8612.20,$4396.82,$7003.78,3/23/2024
878,Brittan Dyche,FW,$1454.48,$7309.93,$6125.69,10/6/2023
879,Arni Sammon,DF,$385.33,$7167.91,$1576.57,9/7/2023
880,Nettle Boeter,MF,$2808.57,$8457.54,$6081.36,5/15/2024
881,Blaine Smitham,MF,$6587.56,$5983.66,$2979.27,2/1/2024
882,Nerty Moth,DF,$5869.42,$1880.24,$64.77,8/27/2023
883,Darcy Sadgrove,GK,$1063.53,$5355.27,$4647.64,10/19/2023
884,Justinian Neubigging,ST,$7745.65,$9849.72,$2162.94,11/1/2023
885,Elnar Banger,GK,$9133.93,$1422.20,$4497.68,5/7/2024
886,Madlen Sterricks,DF,$9304.22,$6234.70,$4323.40,12/5/2023
887,Basilio Mariaud,DF,$519.24,$529.62,$7568.12,2/28/2024
888,Currie Learman,MF,$1958.40,$6026.63,$6751.44,2/11/2024
889,Melantha Pinnell,MF,$1955.26,$24.27,$3849.15,12/10/2023
890,Mick Chaudret,FW,$7917.51,$6548.86,$5655.21,6/6/2023
891,Ellerey Wooldridge,FW,$9272.08,$2844.01,$5749.41,12/22/2023
892,Quintin Paylor,GK,$3317.33,$9241.87,$125.55,10/10/2023
893,Brian Blencoe,GK,$317.07,$1855.90,$7300.25,3/15/2024
894,Arnaldo Cottom,GK,$9973.03,$2276.48,$6482.12,6/12/2023
895,Lyndsey Udell,FW,$9063.56,$8545.13,$4052.95,9/16/2023
896,Barton Noorwood,GK,$5001.37,$7750.49,$8132.37,6/27/2023
897,Marita Bragg,ST,$5555.12,$6892.09,$6029.34,1/8/2024
898,Hatty Trevor,MF,$4787.57,$7468.40,$4214.73,10/12/2023
899,Garrick Poston,MF,$4077.20,$8503.51,$3528.97,9/29/2023
900,Angelia Felderer,DF,$650.42,$7450.04,$8810.36,5/15/2024
901,Rafi Dudbridge,MF,$2463.83,$1683.63,$4877.71,2/27/2024
902,Brana Fridaye,MF,$7314.31,$4546.79,$7234.25,5/11/2024
903,Merline de Banke,FW,$4969.58,$9479.04,$2503.45,5/22/2024
904,Chaim Cortese,FW,$9858.22,$6444.17,$9060.50,2/24/2024
905,Hermine Elsay,ST,$5778.89,$1092.96,$5580.47,10/8/2023
906,Shurwood Currey,ST,$9776.19,$1234.55,$5498.19,2/8/2024
907,Roscoe Brasier,FW,$3387.84,$2163.33,$9606.54,8/23/2023
908,Darb Dive,MF,$6673.32,$8538.22,$9417.38,10/27/2023
909,Gherardo Wetherald,GK,$8163.03,$2263.37,$6218.86,8/24/2023
910,Humberto Grzegorek,FW,$4452.54,$2977.08,$9514.14,5/14/2024
911,Johnette Ayliff,MF,$4567.98,$4285.64,$3832.21,3/19/2024
912,Teddy Bortolini,ST,$8242.86,$1243.74,$621.85,6/12/2023
913,Buckie Tanfield,GK,$5374.09,$1377.65,$9563.13,2/25/2024
914,Arlette Sammonds,GK,$9864.76,$5845.98,$2199.10,3/24/2024
915,Kip Gatiss,GK,$2065.41,$7003.81,$5498.13,6/4/2023
916,Hetti Ida,MF,$8221.76,$1719.26,$7970.63,6/27/2023
917,Lizzy Voice,GK,$4692.30,$6305.32,$8787.14,5/4/2024
918,Krystle Loton,ST,$2780.46,$2340.47,$3055.73,9/5/2023
919,Boniface Bohea,MF,$1127.80,$2472.31,$3941.74,10/14/2023
920,Aguie Lelliott,MF,$5020.92,$2179.39,$25.14,6/16/2023
921,Sullivan Casoni,GK,$3918.82,$3051.00,$1231.26,8/8/2023
922,Willette Benham,ST,$6018.08,$2237.72,$4777.83,5/15/2024
923,Orton Tiebe,GK,$5638.89,$864.67,$376.83,3/21/2024
924,Kleon Brahm,FW,$4000.37,$4561.58,$9278.67,3/30/2024
925,Joline MacIlory,ST,$6104.91,$5521.17,$6399.55,8/11/2023
926,Christel Barthorpe,FW,$6948.89,$3098.78,$8032.64,11/10/2023
927,Onofredo Carnall,ST,$5864.49,$5451.80,$7561.92,9/21/2023
928,Berta Dominici,FW,$5371.05,$3469.91,$3279.51,12/8/2023
929,Rolland Sloane,GK,$6856.00,$6366.19,$9388.72,2/1/2024
930,Ephrem Just,DF,$3833.22,$280.80,$8373.72,11/16/2023
931,Darcie Eymor,ST,$8692.79,$8921.13,$7942.73,4/28/2024
932,Kristos Chessman,GK,$5417.78,$4657.94,$9802.97,8/19/2023
933,Fabe Lightowler,ST,$8011.40,$4554.19,$9378.07,2/26/2024
934,Tatiana Saville,GK,$2654.64,$1949.39,$7688.85,5/11/2024
935,Melanie Bolesworth,FW,$8320.30,$3479.20,$6342.34,7/24/2023
936,Skip Heape,GK,$5693.90,$4888.31,$4987.84,11/16/2023
937,Shannah Fend,DF,$807.21,$8345.29,$1086.97,9/8/2023
938,Morly Aguirrezabal,DF,$4340.02,$512.37,$5199.06,7/9/2023
939,Pierce Du Pre,DF,$9203.10,$7683.13,$2504.12,10/16/2023
940,Elka Haston,FW,$5219.42,$1014.48,$4777.72,7/28/2023
941,Rockie Ianno,MF,$7757.94,$5489.07,$89.42,5/29/2024
942,Sabra Brekonridge,MF,$3080.25,$9431.60,$8750.30,12/2/2023
943,Rennie Haward,GK,$9964.55,$8244.86,$7853.88,4/8/2024
944,Linda Harberer,DF,$4696.46,$6374.27,$861.89,10/28/2023
945,Spencer Wass,FW,$9947.06,$5111.75,$2733.88,7/2/2023
946,Shaine Deguara,FW,$4037.78,$2568.65,$1513.42,7/20/2023
947,Alina Huggett,GK,$6465.64,$1407.80,$5466.55,7/19/2023
948,Lu Thunnercliffe,ST,$2498.06,$247.93,$3401.69,1/11/2024
949,Selina Gurner,FW,$7706.54,$4842.42,$276.14,7/30/2023
950,Ethyl Sultana,GK,$1543.12,$4933.91,$537.43,5/13/2024
951,Cyb Caldecott,MF,$1060.71,$7112.46,$1955.58,8/9/2023
952,Abbie Tock,GK,$8844.73,$6893.30,$7553.26,10/23/2023
953,Deena Comini,FW,$915.76,$3143.19,$9079.32,9/14/2023
954,Rodrick Fooks,ST,$7667.20,$13.57,$6895.37,3/7/2024
955,Gabbie Ledbetter,GK,$5507.12,$7156.34,$4318.81,10/8/2023
956,Zebadiah Ranvoise,FW,$5623.93,$9760.55,$7242.20,6/30/2023
957,Leigha Tarbin,FW,$6688.41,$9727.39,$8211.66,4/10/2024
958,Florie Calam,ST,$8887.10,$6933.75,$232.93,5/13/2024
959,Page Labat,ST,$1120.80,$8579.58,$2884.26,6/8/2023
960,Leia Forbear,ST,$7119.70,$2247.73,$3089.64,3/19/2024
961,Kellen Cranmere,GK,$8290.42,$3949.66,$7324.80,8/14/2023
962,Cloris Poltun,ST,$7071.40,$6723.99,$3882.18,1/4/2024
963,Ellwood Branchett,FW,$372.73,$2697.29,$6374.38,12/20/2023
964,Nikolia Yeowell,GK,$262.84,$7486.79,$1466.94,8/21/2023
965,Berny Elcott,MF,$1579.17,$219.23,$8930.42,9/16/2023
966,Herbie Meachen,MF,$6361.59,$1256.84,$6229.50,1/18/2024
967,Juliet Rysom,MF,$8154.98,$8831.42,$8335.23,11/5/2023
968,Jeffry Di Franceshci,DF,$4460.90,$1133.68,$8178.16,4/4/2024
969,Thatcher Ackenhead,DF,$9008.72,$2311.60,$1457.54,7/6/2023
970,Budd Aleksankov,GK,$6529.89,$2919.57,$3655.40,1/15/2024
971,Emanuel Ohlsen,MF,$1994.04,$4383.20,$2674.97,12/28/2023
972,Edgardo Huffy,DF,$6933.40,$4024.90,$4273.99,10/9/2023
973,Cloris Rizzetti,ST,$9953.86,$4204.00,$851.02,8/26/2023
974,Baxie Splain,GK,$9249.81,$513.72,$8206.01,2/26/2024
975,Carlo Baskerville,MF,$4070.14,$8867.66,$3034.97,5/21/2024
976,Arri Catterill,FW,$8900.26,$7567.87,$9160.07,6/12/2023
977,Brocky Iacabucci,MF,$9335.17,$1213.42,$9750.28,7/21/2023
978,Callida Kasman,GK,$8150.60,$3469.99,$5013.58,3/19/2024
979,Gaby Steers,MF,$542.39,$9450.90,$1784.29,12/26/2023
980,Svend Hackelton,FW,$2016.19,$2602.53,$3700.78,1/3/2024
981,Franklin Newiss,FW,$6716.42,$2690.32,$7362.45,8/1/2023
982,Roslyn Fligg,ST,$2256.59,$4748.16,$6541.97,4/16/2024
983,Royall Berg,FW,$5381.83,$6246.91,$8718.75,3/16/2024
984,Mabelle Sobieski,FW,$3692.19,$8791.49,$7196.76,3/26/2024
985,Yurik Colley,GK,$5904.61,$5846.50,$4159.51,11/15/2023
986,Leroi Wickey,GK,$3171.58,$9308.86,$3723.08,4/24/2024
987,Jacintha Tofano,FW,$9369.56,$4754.76,$1477.49,9/27/2023
988,Tito Hutchin,GK,$6082.26,$8191.34,$9646.93,6/10/2023
989,Morena Huxtable,FW,$1726.54,$3642.96,$3073.46,6/28/2023
990,Stafani Pickthall,MF,$8923.64,$8710.71,$8347.99,10/19/2023
991,Consuelo Whorf,GK,$8237.52,$4457.39,$1592.76,1/26/2024
992,Sonja Klaaasen,FW,$5191.16,$809.48,$8657.99,5/2/2024
993,Donny Shankland,ST,$4006.26,$7472.68,$731.15,6/15/2023
994,Raina Ziehms,ST,$7501.19,$1027.97,$4274.12,3/18/2024
995,Carmel Abrashkin,ST,$7640.55,$5359.79,$4260.79,1/27/2024
996,Drusi Lavens,MF,$1263.46,$3490.15,$7241.11,6/23/2023
997,Les Wattingham,MF,$8196.50,$2654.00,$3131.18,1/24/2024
998,Christian Hillborne,MF,$1884.92,$8258.76,$8311.25,2/11/2024
999,Tomaso Akast,ST,$3999.19,$2195.02,$227.30,3/23/2024
1000,Sonny Sperrett,MF,$6930.27,$5831.33,$4018.00,10/30/2023
