id,date,revenue_source,amount
1,17/06/2024,Other,$9217.67
2,18/06/2024,Ticket sales,$1999.81
3,4/10/2024,Sponsorships,$4789.81
4,24/08/2024,Sponsorships,$4044.09
5,23/10/2024,Ticket sales,$5997.87
6,10/11/2024,Other,$1508.68
7,21/09/2024,Ticket sales,$3405.34
8,27/08/2024,Sponsorships,$3207.97
9,29/07/2024,Ticket sales,$6743.58
10,22/10/2024,Merchandise,$6856.98
11,30/08/2024,Ticket sales,$2368.76
12,22/12/2024,Sponsorships,$6353.21
13,19/07/2024,Sponsorships,$6814.90
14,23/08/2024,Ticket sales,$6239.61
15,2/7/2024,Sponsorships,$3823.41
16,27/12/2024,Sponsorships,$6731.96
17,30/10/2024,Other,$1443.62
18,12/7/2024,Other,$5453.89
19,21/11/2024,Merchandise,$8330.81
20,17/11/2024,Sponsorships,$7709.24
21,23/06/2024,Other,$8592.46
22,30/12/2024,Other,$138.77
23,17/11/2024,Ticket sales,$8904.16
24,16/12/2024,Sponsorships,$3474.48
25,4/1/2025,Sponsorships,$4271.55
26,14/12/2024,Sponsorships,$8468.95
27,29/07/2024,Sponsorships,$5404.59
28,6/12/2024,Merchandise,$7871.70
29,12/6/2024,Ticket sales,$1810.93
30,29/10/2024,Merchandise,$2529.21
31,23/08/2024,Sponsorships,$8893.08
32,14/10/2024,Sponsorships,$5009.13
33,5/7/2024,Sponsorships,$3769.37
34,30/06/2024,Merchandise,$247.22
35,31/07/2024,Ticket sales,$6551.29
36,28/12/2024,Sponsorships,$6548.06
37,21/09/2024,Ticket sales,$4715.20
38,11/8/2024,Merchandise,$3027.84
39,19/07/2024,Merchandise,$3428.25
40,21/11/2024,Sponsorships,$7710.67
41,4/1/2025,Merchandise,$1341.73
42,29/11/2024,Other,$3489.34
43,24/08/2024,Merchandise,$9011.83
44,28/07/2024,Ticket sales,$3408.53
45,13/09/2024,Ticket sales,$4560.59
46,12/9/2024,Ticket sales,$4821.33
47,10/8/2024,Sponsorships,$6980.50
48,19/10/2024,Merchandise,$736.66
49,9/12/2024,Sponsorships,$6264.10
50,19/10/2024,Ticket sales,$7343.40
51,22/10/2024,Sponsorships,$4767.07
52,29/08/2024,Merchandise,$9996.29
53,4/10/2024,Other,$2648.68
54,26/10/2024,Ticket sales,$416.86
55,3/10/2024,Other,$1488.18
56,27/12/2024,Sponsorships,$3083.70
57,17/07/2024,Merchandise,$8648.31
58,29/08/2024,Ticket sales,$705.21
59,28/11/2024,Merchandise,$8497.28
60,4/8/2024,Sponsorships,$5785.11
61,15/08/2024,Other,$4116.04
62,6/9/2024,Merchandise,$1814.96
63,7/7/2024,Other,$5742.04
64,27/09/2024,Sponsorships,$2266.45
65,25/07/2024,Other,$1717.89
66,10/11/2024,Sponsorships,$9656.81
67,31/12/2024,Other,$7335.50
68,15/10/2024,Sponsorships,$5168.84
69,20/06/2024,Ticket sales,$2884.93
70,3/11/2024,Merchandise,$974.14
71,27/12/2024,Other,$6927.33
72,17/08/2024,Other,$207.73
73,1/1/2025,Merchandise,$8242.29
74,16/11/2024,Merchandise,$7666.41
75,27/10/2024,Ticket sales,$1156.95
76,15/06/2024,Sponsorships,$5353.78
77,23/06/2024,Ticket sales,$5180.07
78,2/10/2024,Sponsorships,$2816.66
79,17/10/2024,Ticket sales,$8095.11
80,19/12/2024,Other,$8249.03
81,22/09/2024,Merchandise,$9515.07
82,10/9/2024,Merchandise,$2670.49
83,30/08/2024,Ticket sales,$2608.93
84,26/07/2024,Ticket sales,$4008.34
85,21/09/2024,Merchandise,$3379.48
86,22/06/2024,Other,$5128.31
87,4/12/2024,Sponsorships,$576.24
88,23/09/2024,Ticket sales,$2003.01
89,15/11/2024,Sponsorships,$8086.59
90,5/12/2024,Ticket sales,$4694.81
91,13/10/2024,Sponsorships,$6925.14
92,7/12/2024,Merchandise,$661.68
93,23/06/2024,Other,$1249.68
94,20/10/2024,Ticket sales,$3030.63
95,12/11/2024,Sponsorships,$8116.61
96,13/08/2024,Ticket sales,$2197.67
97,13/10/2024,Sponsorships,$6073.11
98,28/09/2024,Merchandise,$2888.49
99,15/06/2024,Other,$576.69
100,22/11/2024,Ticket sales,$2306.52
101,13/08/2024,Merchandise,$511.50
102,3/10/2024,Other,$3681.07
103,21/09/2024,Sponsorships,$7414.27
104,8/12/2024,Sponsorships,$4486.30
105,23/06/2024,Other,$795.20
106,19/10/2024,Sponsorships,$4938.17
107,9/10/2024,Merchandise,$1450.11
108,21/07/2024,Merchandise,$3413.82
109,1/12/2024,Other,$1780.74
110,14/06/2024,Ticket sales,$6309.27
111,6/11/2024,Other,$864.29
112,21/08/2024,Other,$9013.94
113,31/10/2024,Merchandise,$581.78
114,30/07/2024,Ticket sales,$4273.25
115,4/12/2024,Merchandise,$5915.19
116,2/8/2024,Ticket sales,$2581.36
117,19/11/2024,Other,$1130.76
118,6/6/2024,Merchandise,$8609.91
119,12/8/2024,Other,$7730.84
120,30/08/2024,Merchandise,$1054.78
121,23/07/2024,Merchandise,$2083.28
122,14/09/2024,Other,$4635.31
123,15/10/2024,Ticket sales,$9466.58
124,1/11/2024,Merchandise,$698.97
125,12/12/2024,Sponsorships,$9486.88
126,29/07/2024,Other,$501.81
127,29/08/2024,Other,$9872.84
128,30/11/2024,Sponsorships,$6337.05
129,26/06/2024,Sponsorships,$1439.71
130,4/8/2024,Sponsorships,$3928.17
131,9/9/2024,Merchandise,$1977.19
132,13/06/2024,Sponsorships,$3993.68
133,24/08/2024,Sponsorships,$4208.93
134,2/7/2024,Other,$3453.53
135,7/11/2024,Ticket sales,$5526.68
136,31/07/2024,Ticket sales,$8334.13
137,1/12/2024,Sponsorships,$5127.75
138,8/8/2024,Sponsorships,$4109.73
139,27/06/2024,Sponsorships,$3618.55
140,6/7/2024,Other,$2708.81
141,15/10/2024,Other,$3401.02
142,30/07/2024,Other,$267.18
143,20/07/2024,Sponsorships,$8918.69
144,1/1/2025,Other,$6937.46
145,16/10/2024,Sponsorships,$4362.76
146,18/07/2024,Merchandise,$1007.79
147,3/12/2024,Merchandise,$7649.64
148,8/7/2024,Ticket sales,$5924.62
149,31/12/2024,Sponsorships,$7613.25
150,5/9/2024,Sponsorships,$8002.99
151,23/12/2024,Sponsorships,$6997.49
152,13/12/2024,Merchandise,$7678.64
153,18/08/2024,Other,$9487.19
154,7/11/2024,Other,$1831.16
155,7/11/2024,Merchandise,$6535.46
156,29/10/2024,Merchandise,$2229.99
157,23/12/2024,Other,$312.76
158,28/12/2024,Other,$3627.44
159,31/12/2024,Merchandise,$1342.30
160,12/7/2024,Other,$5240.01
161,6/11/2024,Merchandise,$2941.96
162,2/9/2024,Other,$4401.01
163,13/06/2024,Merchandise,$8161.70
164,14/10/2024,Merchandise,$7162.93
165,17/08/2024,Sponsorships,$2530.15
166,6/1/2025,Ticket sales,$646.90
167,16/06/2024,Other,$1900.35
168,30/11/2024,Other,$948.44
169,6/7/2024,Sponsorships,$9616.17
170,18/07/2024,Other,$1246.67
171,19/06/2024,Sponsorships,$2939.55
172,17/10/2024,Sponsorships,$9045.86
173,5/7/2024,Merchandise,$5007.75
174,9/6/2024,Other,$7309.04
175,2/11/2024,Sponsorships,$3385.58
176,3/10/2024,Merchandise,$8075.70
177,6/7/2024,Ticket sales,$6384.91
178,20/12/2024,Other,$4645.08
179,14/12/2024,Merchandise,$5051.23
180,7/8/2024,Ticket sales,$5565.96
181,10/7/2024,Sponsorships,$5594.62
182,23/10/2024,Ticket sales,$5383.90
183,6/7/2024,Other,$9989.62
184,2/11/2024,Sponsorships,$8434.47
185,18/06/2024,Merchandise,$467.80
186,30/07/2024,Other,$5218.10
187,2/1/2025,Sponsorships,$5771.54
188,17/09/2024,Merchandise,$6972.65
189,3/7/2024,Merchandise,$9815.11
190,29/09/2024,Ticket sales,$3510.61
191,13/11/2024,Other,$5492.57
192,30/10/2024,Ticket sales,$455.52
193,13/11/2024,Ticket sales,$8822.10
194,10/10/2024,Ticket sales,$267.66
195,24/06/2024,Other,$9576.10
196,18/08/2024,Merchandise,$945.73
197,5/1/2025,Ticket sales,$5374.45
198,4/12/2024,Sponsorships,$7515.14
199,17/12/2024,Ticket sales,$5749.30
200,10/11/2024,Ticket sales,$5531.62
201,16/10/2024,Other,$8534.42
202,9/10/2024,Merchandise,$7734.16
203,14/06/2024,Other,$458.26
204,17/11/2024,Ticket sales,$4329.77
205,16/07/2024,Other,$6951.20
206,30/11/2024,Ticket sales,$9939.86
207,24/07/2024,Sponsorships,$1418.36
208,20/07/2024,Ticket sales,$4838.74
209,16/11/2024,Sponsorships,$1434.91
210,8/7/2024,Sponsorships,$8814.14
211,5/12/2024,Merchandise,$8598.12
212,3/12/2024,Ticket sales,$3434.98
213,26/11/2024,Ticket sales,$3396.11
214,26/06/2024,Other,$3401.03
215,18/11/2024,Sponsorships,$9750.76
216,7/10/2024,Ticket sales,$9617.95
217,9/12/2024,Merchandise,$5597.91
218,6/7/2024,Merchandise,$323.76
219,9/8/2024,Ticket sales,$516.24
220,15/09/2024,Sponsorships,$2811.31
221,24/09/2024,Sponsorships,$3759.26
222,23/07/2024,Merchandise,$7429.89
223,14/06/2024,Other,$5463.60
224,13/06/2024,Sponsorships,$4094.31
225,22/07/2024,Sponsorships,$7408.20
226,24/11/2024,Merchandise,$8488.49
227,11/7/2024,Other,$1070.37
228,21/12/2024,Sponsorships,$5620.11
229,16/11/2024,Ticket sales,$1703.92
230,22/11/2024,Ticket sales,$2162.15
231,19/10/2024,Sponsorships,$9858.96
232,4/11/2024,Other,$8825.07
233,18/10/2024,Sponsorships,$6943.55
234,23/10/2024,Sponsorships,$2795.07
235,31/07/2024,Ticket sales,$1492.72
236,4/8/2024,Ticket sales,$3759.73
237,16/08/2024,Merchandise,$4282.54
238,14/06/2024,Merchandise,$1324.25
239,6/9/2024,Other,$2525.20
240,27/08/2024,Merchandise,$6447.53
241,24/06/2024,Merchandise,$5912.28
242,26/07/2024,Sponsorships,$3102.40
243,5/10/2024,Other,$771.06
244,30/08/2024,Merchandise,$1301.55
245,3/9/2024,Ticket sales,$9659.65
246,21/12/2024,Merchandise,$2146.60
247,3/12/2024,Other,$862.53
248,11/9/2024,Sponsorships,$1434.36
249,10/6/2024,Merchandise,$6570.49
250,31/07/2024,Sponsorships,$2053.90
251,21/10/2024,Ticket sales,$8356.05
252,7/6/2024,Sponsorships,$821.24
253,20/06/2024,Other,$7294.40
254,5/11/2024,Merchandise,$7755.06
255,1/11/2024,Sponsorships,$4909.47
256,4/9/2024,Ticket sales,$9159.45
257,24/08/2024,Other,$8876.65
258,31/07/2024,Merchandise,$3864.79
259,4/1/2025,Ticket sales,$4666.50
260,8/11/2024,Sponsorships,$1373.05
261,26/06/2024,Other,$8650.71
262,16/12/2024,Sponsorships,$9436.75
263,19/10/2024,Other,$6550.01
264,20/12/2024,Merchandise,$6107.87
265,5/8/2024,Sponsorships,$3016.76
266,22/09/2024,Ticket sales,$4210.35
267,30/08/2024,Merchandise,$712.41
268,28/11/2024,Sponsorships,$6015.31
269,17/10/2024,Ticket sales,$7217.53
270,8/6/2024,Sponsorships,$4805.08
271,27/06/2024,Sponsorships,$5049.48
272,27/09/2024,Sponsorships,$4799.11
273,20/08/2024,Other,$8990.73
274,8/7/2024,Sponsorships,$1259.27
275,19/12/2024,Ticket sales,$7402.18
276,23/08/2024,Merchandise,$4352.36
277,7/10/2024,Merchandise,$8097.48
278,16/09/2024,Merchandise,$6004.23
279,23/09/2024,Sponsorships,$1479.32
280,18/09/2024,Ticket sales,$7529.27
281,28/08/2024,Other,$9564.82
282,8/10/2024,Ticket sales,$9625.20
283,23/12/2024,Ticket sales,$8147.07
284,2/10/2024,Merchandise,$782.77
285,22/06/2024,Ticket sales,$4068.57
286,9/9/2024,Other,$1261.84
287,24/06/2024,Other,$1326.52
288,29/10/2024,Other,$4423.12
289,6/7/2024,Sponsorships,$2830.92
290,22/07/2024,Ticket sales,$2474.99
291,3/1/2025,Sponsorships,$5495.69
292,20/08/2024,Other,$7299.55
293,4/7/2024,Sponsorships,$6939.09
294,13/12/2024,Ticket sales,$9347.86
295,4/10/2024,Ticket sales,$3760.66
296,10/7/2024,Other,$8682.04
297,13/07/2024,Ticket sales,$1868.53
298,10/10/2024,Merchandise,$1250.78
299,9/7/2024,Sponsorships,$3658.05
300,2/11/2024,Other,$3374.28
301,26/12/2024,Ticket sales,$2910.94
302,6/11/2024,Other,$5806.68
303,21/10/2024,Sponsorships,$6973.90
304,24/12/2024,Ticket sales,$3096.62
305,15/12/2024,Sponsorships,$1646.90
306,6/12/2024,Sponsorships,$4397.03
307,12/12/2024,Sponsorships,$6832.21
308,27/09/2024,Merchandise,$5842.50
309,7/9/2024,Merchandise,$2637.04
310,11/10/2024,Ticket sales,$2565.94
311,2/12/2024,Merchandise,$4198.02
312,11/10/2024,Other,$6794.02
313,3/11/2024,Ticket sales,$5682.66
314,1/10/2024,Ticket sales,$9884.27
315,15/06/2024,Other,$5892.82
316,9/8/2024,Ticket sales,$800.70
317,20/07/2024,Merchandise,$9841.85
318,6/9/2024,Ticket sales,$6215.19
319,10/11/2024,Other,$2516.89
320,2/10/2024,Other,$8832.91
321,12/8/2024,Other,$4947.60
322,18/07/2024,Other,$7962.86
323,23/12/2024,Sponsorships,$7137.47
324,25/12/2024,Ticket sales,$1119.46
325,14/08/2024,Merchandise,$7206.04
326,9/10/2024,Sponsorships,$6507.97
327,9/9/2024,Sponsorships,$4857.86
328,29/11/2024,Ticket sales,$9227.77
329,28/08/2024,Other,$2797.20
330,11/8/2024,Sponsorships,$9326.71
331,28/09/2024,Sponsorships,$4035.62
332,2/8/2024,Sponsorships,$5879.26
333,24/10/2024,Ticket sales,$7167.59
334,26/12/2024,Sponsorships,$1836.61
335,14/11/2024,Other,$7822.60
336,12/6/2024,Sponsorships,$3179.82
337,12/9/2024,Other,$8086.88
338,30/08/2024,Other,$9572.99
339,11/12/2024,Merchandise,$5934.08
340,6/8/2024,Sponsorships,$7351.40
341,25/12/2024,Ticket sales,$2657.73
342,21/06/2024,Ticket sales,$9599.32
343,15/09/2024,Other,$702.47
344,28/08/2024,Merchandise,$4461.96
345,1/1/2025,Merchandise,$7537.95
346,7/6/2024,Sponsorships,$4174.02
347,29/06/2024,Sponsorships,$7080.33
348,21/08/2024,Ticket sales,$2474.48
349,24/12/2024,Merchandise,$5878.32
350,2/11/2024,Sponsorships,$4316.39
351,19/10/2024,Merchandise,$3665.13
352,17/07/2024,Other,$1549.20
353,24/06/2024,Sponsorships,$1950.69
354,30/07/2024,Sponsorships,$7995.33
355,21/12/2024,Merchandise,$9966.44
356,30/11/2024,Merchandise,$6023.44
357,16/12/2024,Sponsorships,$4475.66
358,31/10/2024,Sponsorships,$8824.60
359,1/9/2024,Merchandise,$3054.11
360,1/7/2024,Merchandise,$3282.28
361,28/11/2024,Merchandise,$3695.24
362,15/07/2024,Sponsorships,$9765.93
363,11/8/2024,Merchandise,$2214.00
364,25/12/2024,Other,$4764.53
365,3/12/2024,Other,$511.88
366,15/09/2024,Ticket sales,$6782.11
367,4/9/2024,Merchandise,$354.65
368,22/12/2024,Ticket sales,$9734.40
369,5/12/2024,Ticket sales,$4683.56
370,22/12/2024,Ticket sales,$7921.09
371,24/06/2024,Sponsorships,$9034.18
372,19/12/2024,Sponsorships,$8877.09
373,4/9/2024,Ticket sales,$6050.86
374,7/11/2024,Sponsorships,$7379.43
375,4/1/2025,Ticket sales,$7806.03
376,28/12/2024,Sponsorships,$3952.25
377,25/08/2024,Other,$6119.99
378,28/12/2024,Merchandise,$8345.49
379,27/06/2024,Merchandise,$6623.22
380,6/10/2024,Sponsorships,$3123.17
381,7/11/2024,Merchandise,$6394.80
382,23/11/2024,Merchandise,$2211.87
383,18/12/2024,Merchandise,$3855.49
384,28/08/2024,Ticket sales,$6203.91
385,14/08/2024,Merchandise,$422.56
386,4/11/2024,Other,$3056.65
387,31/08/2024,Ticket sales,$7877.19
388,3/9/2024,Other,$8976.01
389,16/06/2024,Merchandise,$3343.05
390,12/8/2024,Merchandise,$7672.71
391,17/07/2024,Ticket sales,$2932.61
392,5/1/2025,Sponsorships,$9161.83
393,31/10/2024,Other,$3397.39
394,18/07/2024,Ticket sales,$9210.17
395,19/11/2024,Merchandise,$8274.70
396,23/12/2024,Merchandise,$2819.11
397,18/10/2024,Sponsorships,$5614.85
398,31/12/2024,Other,$6399.36
399,23/07/2024,Merchandise,$4165.31
400,31/08/2024,Merchandise,$3269.68
401,30/06/2024,Other,$3226.00
402,12/12/2024,Other,$185.27
403,1/1/2025,Ticket sales,$5684.98
404,16/09/2024,Sponsorships,$6298.15
405,12/9/2024,Other,$4756.13
406,15/11/2024,Other,$4864.00
407,29/06/2024,Sponsorships,$7435.74
408,7/10/2024,Other,$4986.05
409,9/7/2024,Ticket sales,$694.16
410,25/06/2024,Other,$7026.19
411,10/8/2024,Sponsorships,$6269.49
412,4/10/2024,Other,$2064.38
413,20/10/2024,Merchandise,$3144.46
414,17/09/2024,Ticket sales,$837.53
415,20/10/2024,Sponsorships,$4057.44
416,4/10/2024,Ticket sales,$5531.75
417,8/12/2024,Ticket sales,$694.42
418,29/07/2024,Ticket sales,$5397.90
419,21/12/2024,Ticket sales,$3156.67
420,3/1/2025,Merchandise,$3140.76
421,17/12/2024,Other,$6431.94
422,28/11/2024,Sponsorships,$5841.11
423,30/09/2024,Sponsorships,$1649.93
424,24/06/2024,Other,$5995.39
425,22/07/2024,Ticket sales,$4413.73
426,18/11/2024,Sponsorships,$5349.45
427,14/09/2024,Other,$7547.23
428,2/9/2024,Ticket sales,$9079.42
429,25/08/2024,Merchandise,$8102.53
430,28/10/2024,Sponsorships,$9755.95
431,9/9/2024,Ticket sales,$5261.20
432,20/12/2024,Ticket sales,$9855.59
433,5/8/2024,Ticket sales,$6893.39
434,24/09/2024,Sponsorships,$9874.25
435,25/11/2024,Ticket sales,$1811.19
436,6/8/2024,Sponsorships,$5801.29
437,27/08/2024,Sponsorships,$8915.30
438,18/10/2024,Other,$9449.14
439,2/12/2024,Sponsorships,$2932.87
440,29/11/2024,Other,$5921.61
441,3/1/2025,Ticket sales,$3246.47
442,27/10/2024,Merchandise,$5463.50
443,15/11/2024,Other,$216.21
444,6/12/2024,Sponsorships,$2593.53
445,25/09/2024,Sponsorships,$2863.89
446,2/8/2024,Sponsorships,$9405.55
447,23/12/2024,Merchandise,$1424.17
448,20/07/2024,Ticket sales,$2432.02
449,14/07/2024,Ticket sales,$6801.56
450,18/09/2024,Sponsorships,$5985.23
451,8/7/2024,Other,$4069.81
452,20/09/2024,Other,$2362.29
453,3/10/2024,Sponsorships,$2817.81
454,9/6/2024,Ticket sales,$447.49
455,25/06/2024,Sponsorships,$765.37
456,25/08/2024,Sponsorships,$4805.14
457,17/08/2024,Other,$8657.57
458,24/11/2024,Ticket sales,$3211.89
459,11/10/2024,Ticket sales,$8681.60
460,16/12/2024,Other,$5436.96
461,17/09/2024,Sponsorships,$7623.89
462,13/07/2024,Merchandise,$8879.76
463,22/12/2024,Ticket sales,$7811.67
464,26/11/2024,Ticket sales,$2875.67
465,20/10/2024,Ticket sales,$5580.45
466,18/07/2024,Ticket sales,$9538.97
467,4/1/2025,Sponsorships,$6298.14
468,1/7/2024,Merchandise,$9470.79
469,4/12/2024,Sponsorships,$5832.90
470,29/06/2024,Ticket sales,$8201.73
471,28/11/2024,Ticket sales,$3714.03
472,30/09/2024,Sponsorships,$8483.28
473,15/12/2024,Sponsorships,$5918.64
474,8/7/2024,Ticket sales,$8950.84
475,12/11/2024,Ticket sales,$501.26
476,26/11/2024,Ticket sales,$1018.88
477,19/06/2024,Ticket sales,$3192.13
478,23/10/2024,Sponsorships,$294.22
479,5/9/2024,Ticket sales,$5920.24
480,23/10/2024,Ticket sales,$2170.40
481,5/7/2024,Ticket sales,$5488.04
482,16/07/2024,Ticket sales,$543.95
483,10/11/2024,Merchandise,$9257.72
484,15/08/2024,Other,$7069.29
485,10/10/2024,Other,$1885.52
486,6/6/2024,Merchandise,$6959.36
487,9/9/2024,Merchandise,$3559.46
488,8/10/2024,Ticket sales,$6165.34
489,24/09/2024,Merchandise,$254.25
490,27/10/2024,Sponsorships,$9501.94
491,16/12/2024,Ticket sales,$2026.20
492,31/10/2024,Other,$6697.12
493,22/11/2024,Sponsorships,$1801.12
494,6/12/2024,Merchandise,$9029.20
495,30/12/2024,Merchandise,$2214.49
496,23/08/2024,Merchandise,$619.84
497,9/6/2024,Ticket sales,$161.46
498,11/8/2024,Sponsorships,$8939.05
499,26/11/2024,Other,$1567.72
500,3/11/2024,Other,$4933.77
501,23/12/2024,Sponsorships,$3881.16
502,21/07/2024,Merchandise,$3101.22
503,29/07/2024,Merchandise,$5732.46
504,20/09/2024,Ticket sales,$5588.18
505,28/09/2024,Merchandise,$3804.69
506,11/7/2024,Sponsorships,$2617.43
507,29/06/2024,Sponsorships,$1833.31
508,3/7/2024,Other,$5733.05
509,24/09/2024,Ticket sales,$4843.62
510,30/11/2024,Ticket sales,$3026.09
511,22/07/2024,Ticket sales,$7043.42
512,16/12/2024,Merchandise,$9564.17
513,27/08/2024,Other,$3605.82
514,20/12/2024,Other,$464.70
515,21/08/2024,Merchandise,$1554.02
516,22/08/2024,Sponsorships,$2431.47
517,9/9/2024,Other,$1190.40
518,11/10/2024,Ticket sales,$8505.20
519,16/11/2024,Other,$5347.01
520,3/12/2024,Sponsorships,$6134.06
521,1/9/2024,Sponsorships,$4187.48
522,10/8/2024,Merchandise,$6054.27
523,4/1/2025,Sponsorships,$7749.78
524,7/8/2024,Merchandise,$4922.50
525,17/07/2024,Ticket sales,$1012.77
526,20/09/2024,Other,$7877.37
527,26/10/2024,Other,$6171.11
528,1/10/2024,Other,$1024.88
529,19/06/2024,Other,$283.92
530,3/7/2024,Merchandise,$643.97
531,18/11/2024,Merchandise,$9892.18
532,10/10/2024,Merchandise,$6124.67
533,11/10/2024,Ticket sales,$2941.02
534,21/08/2024,Merchandise,$3108.73
535,21/08/2024,Merchandise,$8907.34
536,27/10/2024,Other,$1242.96
537,14/11/2024,Merchandise,$9190.54
538,17/06/2024,Ticket sales,$8158.43
539,3/8/2024,Merchandise,$4931.24
540,14/12/2024,Merchandise,$8540.46
541,1/7/2024,Merchandise,$4826.22
542,19/07/2024,Ticket sales,$124.18
543,19/06/2024,Other,$7714.31
544,23/06/2024,Ticket sales,$5915.55
545,8/12/2024,Ticket sales,$1263.25
546,14/07/2024,Ticket sales,$6155.43
547,11/9/2024,Merchandise,$118.08
548,22/09/2024,Sponsorships,$3469.77
549,17/10/2024,Sponsorships,$2887.67
550,27/12/2024,Sponsorships,$5458.58
551,17/09/2024,Ticket sales,$6874.29
552,7/12/2024,Merchandise,$1938.08
553,27/08/2024,Merchandise,$1374.83
554,8/11/2024,Sponsorships,$1104.06
555,7/6/2024,Ticket sales,$9590.68
556,18/06/2024,Other,$8134.80
557,11/11/2024,Sponsorships,$1470.22
558,2/11/2024,Ticket sales,$900.22
559,24/09/2024,Sponsorships,$3194.42
560,22/12/2024,Sponsorships,$2021.87
561,7/9/2024,Merchandise,$7499.95
562,22/07/2024,Ticket sales,$9131.90
563,25/12/2024,Sponsorships,$9973.56
564,5/1/2025,Merchandise,$4339.54
565,29/08/2024,Sponsorships,$6978.55
566,25/06/2024,Other,$4758.86
567,23/11/2024,Other,$3623.72
568,27/06/2024,Ticket sales,$2484.19
569,18/08/2024,Ticket sales,$5898.45
570,29/10/2024,Ticket sales,$239.58
571,15/09/2024,Merchandise,$9528.15
572,8/8/2024,Ticket sales,$8350.62
573,23/10/2024,Sponsorships,$2997.80
574,30/06/2024,Ticket sales,$4228.84
575,18/07/2024,Merchandise,$220.14
576,22/08/2024,Merchandise,$6192.79
577,23/06/2024,Merchandise,$9819.60
578,15/12/2024,Other,$400.29
579,29/12/2024,Merchandise,$5991.67
580,2/8/2024,Sponsorships,$9835.26
581,12/6/2024,Merchandise,$7054.98
582,5/9/2024,Other,$3840.08
583,3/12/2024,Other,$3694.75
584,28/12/2024,Merchandise,$4217.91
585,24/12/2024,Other,$6060.97
586,30/07/2024,Merchandise,$9184.05
587,20/10/2024,Merchandise,$5152.42
588,4/12/2024,Merchandise,$9070.21
589,22/06/2024,Sponsorships,$1692.52
590,2/8/2024,Ticket sales,$8823.49
591,29/08/2024,Other,$7171.92
592,15/07/2024,Sponsorships,$5690.21
593,3/12/2024,Other,$2312.58
594,30/06/2024,Ticket sales,$2243.05
595,13/08/2024,Sponsorships,$1115.02
596,31/10/2024,Ticket sales,$9893.36
597,13/10/2024,Merchandise,$7485.38
598,5/11/2024,Ticket sales,$951.52
599,20/12/2024,Sponsorships,$2012.88
600,27/10/2024,Ticket sales,$5721.22
601,5/1/2025,Merchandise,$2028.37
602,1/8/2024,Other,$3152.54
603,19/12/2024,Other,$5190.21
604,4/12/2024,Sponsorships,$230.65
605,6/6/2024,Sponsorships,$4727.33
606,18/10/2024,Other,$4763.51
607,7/10/2024,Merchandise,$6545.52
608,7/10/2024,Sponsorships,$7039.95
609,30/10/2024,Ticket sales,$9220.98
610,28/12/2024,Ticket sales,$9982.77
611,29/12/2024,Merchandise,$8712.11
612,26/06/2024,Other,$9282.93
613,24/12/2024,Sponsorships,$2674.35
614,2/9/2024,Other,$2122.10
615,17/06/2024,Other,$185.00
616,10/10/2024,Other,$8963.40
617,19/08/2024,Ticket sales,$1099.41
618,22/10/2024,Sponsorships,$8611.36
619,23/06/2024,Other,$3480.57
620,11/9/2024,Sponsorships,$1299.95
621,13/08/2024,Sponsorships,$8343.71
622,29/06/2024,Sponsorships,$8337.77
623,7/7/2024,Merchandise,$4911.73
624,23/08/2024,Other,$6636.72
625,1/1/2025,Sponsorships,$3997.97
626,5/1/2025,Other,$7741.15
627,17/09/2024,Sponsorships,$3871.64
628,3/9/2024,Other,$7844.30
629,6/7/2024,Other,$6753.23
630,23/06/2024,Sponsorships,$2486.10
631,19/12/2024,Sponsorships,$5545.89
632,11/11/2024,Other,$1544.08
633,22/07/2024,Ticket sales,$7808.97
634,25/06/2024,Ticket sales,$9310.83
635,7/10/2024,Sponsorships,$8888.93
636,12/6/2024,Merchandise,$6794.68
637,28/08/2024,Ticket sales,$1797.37
638,12/9/2024,Merchandise,$9714.38
639,25/09/2024,Merchandise,$5518.02
640,23/06/2024,Merchandise,$9625.76
641,27/12/2024,Ticket sales,$3919.70
642,23/07/2024,Merchandise,$1176.77
643,9/6/2024,Ticket sales,$5690.27
644,19/12/2024,Ticket sales,$1551.06
645,3/9/2024,Other,$9356.24
646,6/9/2024,Sponsorships,$4133.06
647,27/11/2024,Other,$3055.92
648,7/7/2024,Ticket sales,$2886.32
649,26/06/2024,Ticket sales,$895.35
650,19/09/2024,Ticket sales,$4423.75
651,29/09/2024,Sponsorships,$9803.42
652,7/12/2024,Sponsorships,$7700.08
653,29/08/2024,Ticket sales,$5604.49
654,23/06/2024,Sponsorships,$5860.26
655,7/6/2024,Merchandise,$4283.08
656,2/1/2025,Ticket sales,$8843.49
657,23/08/2024,Ticket sales,$9210.71
658,16/06/2024,Other,$3157.53
659,13/11/2024,Ticket sales,$2613.83
660,5/8/2024,Merchandise,$9568.96
661,7/8/2024,Other,$9074.08
662,2/11/2024,Other,$5005.25
663,13/07/2024,Merchandise,$1270.72
664,23/09/2024,Merchandise,$2000.61
665,4/10/2024,Ticket sales,$8702.42
666,7/7/2024,Ticket sales,$6194.60
667,1/10/2024,Merchandise,$9729.30
668,24/07/2024,Merchandise,$5180.40
669,13/12/2024,Merchandise,$5218.87
670,14/12/2024,Ticket sales,$239.12
671,28/10/2024,Ticket sales,$3301.98
672,23/09/2024,Ticket sales,$8579.64
673,15/11/2024,Other,$5679.53
674,17/08/2024,Ticket sales,$6003.37
675,20/08/2024,Ticket sales,$2702.36
676,21/07/2024,Other,$3144.67
677,20/11/2024,Sponsorships,$6534.72
678,25/12/2024,Other,$4146.15
679,13/09/2024,Ticket sales,$4811.66
680,4/7/2024,Merchandise,$8908.36
681,9/12/2024,Other,$7980.50
682,16/08/2024,Other,$265.39
683,17/08/2024,Ticket sales,$3581.61
684,7/9/2024,Other,$7009.85
685,17/07/2024,Sponsorships,$2109.29
686,21/08/2024,Ticket sales,$4461.31
687,25/06/2024,Merchandise,$8966.37
688,12/12/2024,Sponsorships,$4983.17
689,11/9/2024,Other,$283.22
690,2/12/2024,Other,$8471.49
691,1/10/2024,Merchandise,$184.37
692,8/7/2024,Sponsorships,$2819.39
693,25/11/2024,Other,$7263.78
694,10/12/2024,Merchandise,$7376.78
695,26/09/2024,Sponsorships,$2280.75
696,18/07/2024,Sponsorships,$1781.79
697,23/07/2024,Other,$8944.09
698,26/07/2024,Sponsorships,$9565.92
699,17/07/2024,Other,$4703.28
700,18/11/2024,Other,$2745.32
701,28/11/2024,Sponsorships,$8090.60
702,3/11/2024,Other,$9109.09
703,29/07/2024,Merchandise,$7827.06
704,28/06/2024,Merchandise,$2999.28
705,18/07/2024,Sponsorships,$5793.77
706,1/1/2025,Merchandise,$6396.59
707,12/8/2024,Other,$1139.39
708,21/08/2024,Other,$6632.95
709,27/06/2024,Ticket sales,$3656.16
710,1/11/2024,Sponsorships,$6096.69
711,5/9/2024,Ticket sales,$5858.73
712,19/07/2024,Ticket sales,$9101.96
713,22/08/2024,Sponsorships,$8330.74
714,2/9/2024,Ticket sales,$391.63
715,29/06/2024,Sponsorships,$2707.62
716,20/06/2024,Other,$7427.54
717,26/12/2024,Merchandise,$1223.48
718,27/08/2024,Merchandise,$3870.68
719,4/11/2024,Other,$9455.32
720,19/07/2024,Ticket sales,$3527.98
721,23/06/2024,Ticket sales,$4691.40
722,22/10/2024,Other,$3987.86
723,16/10/2024,Ticket sales,$7191.90
724,12/12/2024,Merchandise,$6495.05
725,1/8/2024,Sponsorships,$381.27
726,28/11/2024,Sponsorships,$4348.36
727,15/07/2024,Merchandise,$9261.47
728,22/08/2024,Merchandise,$1888.35
729,15/07/2024,Sponsorships,$9036.35
730,25/08/2024,Merchandise,$8815.23
731,14/06/2024,Other,$4100.24
732,9/10/2024,Ticket sales,$1313.70
733,4/9/2024,Sponsorships,$8742.31
734,29/06/2024,Other,$9078.55
735,25/08/2024,Ticket sales,$1527.94
736,2/8/2024,Merchandise,$4408.34
737,12/7/2024,Ticket sales,$1789.88
738,12/6/2024,Sponsorships,$5390.10
739,4/11/2024,Merchandise,$7005.00
740,16/08/2024,Merchandise,$1499.03
741,24/09/2024,Other,$3123.66
742,17/07/2024,Merchandise,$8632.72
743,22/12/2024,Sponsorships,$1844.60
744,16/10/2024,Other,$3560.59
745,10/9/2024,Sponsorships,$1195.73
746,5/12/2024,Ticket sales,$7219.34
747,11/10/2024,Merchandise,$8894.58
748,8/8/2024,Ticket sales,$5607.74
749,11/12/2024,Other,$3705.55
750,28/12/2024,Sponsorships,$3389.55
751,8/7/2024,Other,$9288.88
752,6/7/2024,Sponsorships,$7036.44
753,4/9/2024,Sponsorships,$2069.28
754,29/11/2024,Sponsorships,$4006.94
755,16/06/2024,Other,$7242.65
756,20/11/2024,Ticket sales,$5939.52
757,19/06/2024,Other,$4702.61
758,7/9/2024,Sponsorships,$3656.65
759,3/7/2024,Ticket sales,$5813.25
760,16/09/2024,Other,$1555.30
761,18/06/2024,Merchandise,$1470.58
762,26/10/2024,Other,$1060.42
763,17/07/2024,Merchandise,$4316.44
764,25/06/2024,Merchandise,$1155.01
765,12/7/2024,Other,$1475.79
766,16/10/2024,Other,$5683.32
767,4/7/2024,Other,$8986.50
768,19/12/2024,Merchandise,$9899.10
769,1/7/2024,Other,$8796.01
770,12/11/2024,Merchandise,$4505.26
771,2/12/2024,Sponsorships,$4307.50
772,24/06/2024,Other,$3245.67
773,16/07/2024,Merchandise,$2513.12
774,18/12/2024,Merchandise,$6727.51
775,3/9/2024,Merchandise,$6452.21
776,14/10/2024,Ticket sales,$5422.43
777,16/07/2024,Merchandise,$1241.10
778,19/11/2024,Sponsorships,$1991.89
779,25/09/2024,Other,$1310.64
780,10/8/2024,Merchandise,$2946.34
781,29/10/2024,Other,$6650.44
782,4/1/2025,Sponsorships,$5660.66
783,13/11/2024,Other,$718.77
784,7/12/2024,Merchandise,$9106.45
785,1/9/2024,Merchandise,$2532.59
786,29/09/2024,Other,$2223.93
787,7/10/2024,Ticket sales,$8629.69
788,18/12/2024,Other,$3535.54
789,16/06/2024,Ticket sales,$5324.94
790,17/06/2024,Merchandise,$1889.45
791,10/6/2024,Sponsorships,$4376.65
792,12/9/2024,Merchandise,$1319.11
793,13/11/2024,Ticket sales,$9809.15
794,10/6/2024,Sponsorships,$9859.48
795,6/11/2024,Sponsorships,$6081.67
796,13/06/2024,Other,$9193.01
797,23/09/2024,Merchandise,$525.88
798,15/07/2024,Merchandise,$644.97
799,13/12/2024,Other,$6376.58
800,12/9/2024,Ticket sales,$4851.01
801,8/8/2024,Ticket sales,$2191.42
802,7/6/2024,Sponsorships,$3903.74
803,27/08/2024,Sponsorships,$1001.54
804,20/09/2024,Sponsorships,$2044.55
805,21/09/2024,Other,$1310.86
806,16/11/2024,Merchandise,$1511.30
807,3/10/2024,Ticket sales,$9394.93
808,10/10/2024,Other,$2089.81
809,17/07/2024,Sponsorships,$9736.75
810,16/08/2024,Sponsorships,$3986.02
811,27/11/2024,Ticket sales,$6201.08
812,16/10/2024,Sponsorships,$2863.33
813,31/08/2024,Other,$3346.10
814,2/8/2024,Merchandise,$3281.59
815,27/08/2024,Sponsorships,$3115.74
816,20/12/2024,Other,$5566.66
817,25/07/2024,Sponsorships,$5785.81
818,17/08/2024,Sponsorships,$5629.43
819,19/07/2024,Other,$4755.21
820,19/08/2024,Sponsorships,$8278.76
821,24/09/2024,Sponsorships,$3784.91
822,28/12/2024,Ticket sales,$5073.87
823,1/1/2025,Ticket sales,$8546.20
824,6/12/2024,Merchandise,$165.45
825,12/6/2024,Ticket sales,$7589.55
826,17/12/2024,Other,$2346.55
827,14/06/2024,Ticket sales,$6994.84
828,22/06/2024,Ticket sales,$5763.22
829,1/10/2024,Other,$590.13
830,7/9/2024,Sponsorships,$3606.25
831,1/12/2024,Merchandise,$472.31
832,6/1/2025,Ticket sales,$8133.65
833,23/12/2024,Other,$6562.66
834,2/12/2024,Merchandise,$4910.84
835,16/06/2024,Other,$9087.14
836,14/06/2024,Sponsorships,$6311.18
837,3/12/2024,Ticket sales,$9238.08
838,31/12/2024,Ticket sales,$7679.27
839,16/09/2024,Other,$9214.19
840,12/11/2024,Other,$3123.65
841,15/07/2024,Merchandise,$9586.93
842,3/11/2024,Sponsorships,$9538.54
843,6/1/2025,Other,$1827.76
844,10/7/2024,Ticket sales,$4905.51
845,18/10/2024,Sponsorships,$3312.77
846,3/9/2024,Ticket sales,$4325.77
847,29/10/2024,Merchandise,$8383.73
848,26/07/2024,Ticket sales,$2723.17
849,12/7/2024,Sponsorships,$5323.74
850,31/10/2024,Sponsorships,$1616.67
851,20/12/2024,Merchandise,$4405.61
852,29/06/2024,Other,$542.01
853,13/10/2024,Sponsorships,$7258.11
854,21/08/2024,Other,$5528.71
855,16/06/2024,Other,$1182.67
856,21/06/2024,Merchandise,$1015.72
857,14/10/2024,Other,$5902.17
858,23/06/2024,Other,$8247.72
859,9/9/2024,Merchandise,$6165.46
860,24/12/2024,Sponsorships,$3367.48
861,23/11/2024,Merchandise,$2751.58
862,28/07/2024,Ticket sales,$3681.03
863,20/07/2024,Merchandise,$9000.88
864,10/8/2024,Merchandise,$3657.60
865,2/1/2025,Merchandise,$9891.90
866,10/9/2024,Ticket sales,$7590.13
867,20/09/2024,Other,$8197.53
868,6/6/2024,Merchandise,$1367.44
869,25/12/2024,Other,$5826.20
870,4/8/2024,Ticket sales,$1599.26
871,12/8/2024,Sponsorships,$3565.95
872,27/08/2024,Ticket sales,$2417.50
873,1/1/2025,Sponsorships,$2786.61
874,10/12/2024,Other,$3511.31
875,14/07/2024,Ticket sales,$7601.68
876,12/6/2024,Other,$5941.53
877,28/12/2024,Sponsorships,$8126.83
878,22/12/2024,Ticket sales,$2275.65
879,25/12/2024,Other,$2899.01
880,23/10/2024,Other,$6135.75
881,15/11/2024,Other,$4567.18
882,29/09/2024,Ticket sales,$4858.87
883,12/12/2024,Merchandise,$499.51
884,11/7/2024,Ticket sales,$5037.21
885,3/1/2025,Other,$4832.71
886,10/8/2024,Ticket sales,$2909.68
887,23/07/2024,Sponsorships,$1208.39
888,4/9/2024,Other,$7981.41
889,27/06/2024,Merchandise,$3795.74
890,27/10/2024,Sponsorships,$7281.49
891,8/8/2024,Sponsorships,$1521.98
892,12/11/2024,Ticket sales,$9182.20
893,11/7/2024,Merchandise,$2959.15
894,13/06/2024,Merchandise,$5248.51
895,1/7/2024,Sponsorships,$5296.21
896,23/12/2024,Merchandise,$8691.26
897,30/09/2024,Ticket sales,$5974.68
898,1/1/2025,Merchandise,$9282.75
899,29/09/2024,Sponsorships,$1846.20
900,22/06/2024,Other,$127.05
901,14/10/2024,Merchandise,$2215.68
902,30/08/2024,Other,$3256.25
903,22/11/2024,Merchandise,$3907.44
904,22/08/2024,Sponsorships,$2776.33
905,14/09/2024,Ticket sales,$5264.97
906,14/10/2024,Sponsorships,$8168.37
907,9/8/2024,Sponsorships,$1714.37
908,21/06/2024,Sponsorships,$8577.21
909,30/12/2024,Sponsorships,$7094.30
910,25/07/2024,Other,$6220.71
911,5/12/2024,Ticket sales,$750.27
912,9/6/2024,Other,$514.95
913,15/07/2024,Sponsorships,$7652.98
914,10/8/2024,Other,$8809.37
915,1/9/2024,Other,$329.89
916,16/10/2024,Sponsorships,$8057.21
917,13/10/2024,Ticket sales,$3742.12
918,24/12/2024,Other,$8006.42
919,22/08/2024,Sponsorships,$6885.24
920,29/11/2024,Other,$9916.46
921,27/12/2024,Merchandise,$1263.24
922,19/12/2024,Sponsorships,$182.00
923,27/10/2024,Merchandise,$6072.08
924,10/6/2024,Other,$3852.19
925,24/06/2024,Other,$7434.42
926,30/08/2024,Other,$5646.57
927,29/10/2024,Sponsorships,$8003.96
928,12/12/2024,Other,$3915.57
929,17/11/2024,Sponsorships,$5789.16
930,19/11/2024,Ticket sales,$5005.16
931,20/11/2024,Sponsorships,$2916.53
932,28/06/2024,Other,$3569.50
933,7/11/2024,Other,$8978.86
934,11/8/2024,Other,$9992.12
935,24/10/2024,Sponsorships,$4715.21
936,4/12/2024,Ticket sales,$9887.25
937,29/07/2024,Merchandise,$9356.75
938,29/09/2024,Sponsorships,$3253.74
939,18/12/2024,Sponsorships,$5950.49
940,17/08/2024,Ticket sales,$6497.66
941,1/7/2024,Merchandise,$1150.05
942,30/06/2024,Ticket sales,$7441.19
943,23/11/2024,Ticket sales,$6436.29
944,4/12/2024,Ticket sales,$8284.65
945,13/11/2024,Ticket sales,$1171.21
946,9/9/2024,Other,$7982.69
947,14/07/2024,Sponsorships,$1678.43
948,29/12/2024,Sponsorships,$4401.62
949,16/12/2024,Ticket sales,$7841.52
950,11/12/2024,Other,$3123.78
951,4/8/2024,Ticket sales,$6387.43
952,5/7/2024,Sponsorships,$7378.69
953,8/12/2024,Merchandise,$2605.49
954,16/09/2024,Merchandise,$2677.45
955,11/12/2024,Merchandise,$9487.44
956,29/06/2024,Other,$538.52
957,8/10/2024,Ticket sales,$240.50
958,24/11/2024,Ticket sales,$6004.19
959,3/10/2024,Sponsorships,$9851.11
960,9/7/2024,Sponsorships,$4538.00
961,28/10/2024,Other,$3957.14
962,27/12/2024,Ticket sales,$5671.01
963,29/08/2024,Sponsorships,$4563.90
964,28/12/2024,Ticket sales,$4589.15
965,18/12/2024,Other,$9705.97
966,15/08/2024,Other,$2608.51
967,24/07/2024,Other,$1787.73
968,9/8/2024,Ticket sales,$3267.21
969,20/10/2024,Ticket sales,$4189.73
970,23/07/2024,Ticket sales,$6583.15
971,20/09/2024,Ticket sales,$5142.01
972,15/08/2024,Merchandise,$4898.63
973,13/08/2024,Other,$1833.64
974,5/9/2024,Ticket sales,$5862.59
975,8/6/2024,Merchandise,$1937.27
976,8/10/2024,Other,$849.15
977,16/08/2024,Sponsorships,$8688.62
978,22/09/2024,Ticket sales,$2585.02
979,5/9/2024,Ticket sales,$8358.34
980,12/6/2024,Other,$2999.33
981,8/7/2024,Ticket sales,$6982.14
982,30/09/2024,Ticket sales,$6085.01
983,19/10/2024,Merchandise,$4663.26
984,7/11/2024,Ticket sales,$2786.65
985,8/7/2024,Ticket sales,$7007.82
986,23/12/2024,Other,$6841.63
987,8/10/2024,Other,$6459.22
988,15/08/2024,Ticket sales,$1268.56
989,2/10/2024,Merchandise,$6807.42
990,29/11/2024,Merchandise,$7204.18
991,1/8/2024,Ticket sales,$6506.79
992,30/08/2024,Ticket sales,$1302.44
993,25/06/2024,Other,$7784.82
994,22/10/2024,Ticket sales,$5655.15
995,2/11/2024,Ticket sales,$2696.07
996,9/7/2024,Ticket sales,$1541.24
997,22/09/2024,Sponsorships,$298.65
998,22/11/2024,Sponsorships,$4381.26
999,25/12/2024,Sponsorships,$9011.93
1000,16/07/2024,Ticket sales,$4307.89
